month,year,topic,rank,count,total_articles,percentage,source
2,2015,"LEADER,10",1,12,1000,1.2,fox
2,2015,"TAX_FNCACT_PRESIDENT,10",2,9,1000,0.8999999999999999,fox
2,2015,"TAX_FNCACT,383",3,8,1000,0.8,fox
3,2015,"TAX_FNCACT_POLICE,7",1,9,1000,0.8999999999999999,fox
3,2015,"SECURITY_SERVICES,7",2,8,1000,0.8,fox
3,2015,"TAX_WORLDMAMMALS_FOX,4",3,5,1000,0.5,fox
4,2015,"TAX_WORLDMAMMALS_FOX,4",1,5,1000,0.5,fox
4,2015,"LEADER,157",2,5,1000,0.5,fox
4,2015,"TAX_FNCACT_AUTHORITIES,12",3,5,1000,0.5,fox
5,2015,"LEADER,10",1,7,1000,0.7000000000000001,fox
5,2015,"TAX_FNCACT_PRESIDENT,10",2,7,1000,0.7000000000000001,fox
5,2015,"TAX_WORLDLANGUAGES_RUSSIA,15",3,7,1000,0.7000000000000001,fox
6,2015,"TAX_WORLDLANGUAGES_RUSSIA,15",1,8,1000,0.8,fox
6,2015,"LEADER,10",2,6,1000,0.6,fox
6,2015,"TAX_FNCACT_PRESIDENT,10",3,6,1000,0.6,fox
7,2015,"LEADER,10",1,8,1000,0.8,fox
7,2015,"TAX_FNCACT_PRESIDENT,10",2,8,1000,0.8,fox
7,2015,"USPEC_POLITICS_GENERAL1,10",3,7,1000,0.7000000000000001,fox
8,2015,"TAX_WORLDLANGUAGES_RUSSIA,15",1,8,1000,0.8,fox
8,2015,"ARMEDCONFLICT,150",2,5,1000,0.5,fox
8,2015,"CRISISLEX_C07_SAFETY,46",3,5,1000,0.5,fox
9,2015,"TAX_POLITICAL_PARTY_REPUBLICAN,11",1,10,1000,1.0,fox
9,2015,"USPEC_POLITICS_GENERAL1,11",2,10,1000,1.0,fox
9,2015,"TAX_FNCACT_CANDIDATE,34",3,8,1000,0.8,fox
10,2015,"TAX_WORLDLANGUAGES_RUSSIA,15",1,5,1000,0.5,fox
10,2015,"USPEC_POLITICS_GENERAL1,44",2,4,1000,0.4,fox
10,2015,"CRISISLEX_C07_SAFETY,286",3,4,1000,0.4,fox
11,2015,"TAX_WORLDLANGUAGES_RUSSIA,15",1,7,1000,0.7000000000000001,fox
11,2015,"CRISISLEX_CRISISLEXREC,88",2,5,1000,0.5,fox
11,2015,"LEADER,10",3,5,1000,0.5,fox
12,2015,"SECURITY_SERVICES,7",1,8,1000,0.8,fox
12,2015,"TAX_FNCACT_POLICE,7",2,8,1000,0.8,fox
12,2015,"CRISISLEX_C07_SAFETY,7",3,8,1000,0.8,fox
1,2016,"LEADER,10",1,8,1000,0.8,fox
1,2016,"USPEC_POLITICS_GENERAL1,10",2,7,1000,0.7000000000000001,fox
1,2016,"TAX_FNCACT_PRESIDENT,10",3,6,1000,0.6,fox
2,2016,"TAX_WORLDLANGUAGES_RUSSIA,15",1,6,1000,0.6,fox
2,2016,"TAX_FNCACT_MAN,6",2,5,1000,0.5,fox
2,2016,"USPEC_POLITICS_GENERAL1,44",3,5,1000,0.5,fox
3,2016,"TAX_WORLDLANGUAGES_RUSSIA,15",1,7,1000,0.7000000000000001,fox
3,2016,"LEADER,10",2,6,1000,0.6,fox
3,2016,"CRISISLEX_C07_SAFETY,41",3,6,1000,0.6,fox
4,2016,"USPEC_POLITICS_GENERAL1,43",1,6,1000,0.6,fox
4,2016,"CRISISLEX_C07_SAFETY,47",2,4,1000,0.4,fox
4,2016,"USPEC_POLITICS_GENERAL1,62",3,4,1000,0.4,fox
5,2016,"LEADER,915",1,5,1000,0.5,fox
5,2016,"USPEC_POLITICS_GENERAL1,142",2,4,1000,0.4,fox
5,2016,"KILL,77",3,4,1000,0.4,fox
6,2016,"USPEC_POLITICS_GENERAL1,9",1,9,1000,0.8999999999999999,fox
6,2016,"LEADER,9",2,8,1000,0.8,fox
6,2016,"TAX_FNCACT_PRESIDENT,9",3,8,1000,0.8,fox
7,2016,"USPEC_POLITICS_GENERAL1,9",1,6,1000,0.6,fox
7,2016,"LEADER,9",2,5,1000,0.5,fox
7,2016,"TAX_FNCACT_PRESIDENT,9",3,5,1000,0.5,fox
8,2016,"USPEC_POLITICS_GENERAL1,10",1,7,1000,0.7000000000000001,fox
8,2016,"CRISISLEX_CRISISLEXREC,77",2,5,1000,0.5,fox
8,2016,"TAX_ETHNICITY_GERMAN,30",3,5,1000,0.5,fox
9,2016,"ECON_ENTREPRENEURSHIP,16",1,29,1000,2.9000000000000004,fox
9,2016,"SOC_GENERALCRIME,8",2,11,1000,1.0999999999999999,fox
9,2016,"RELIGION,8",3,8,1000,0.8,fox
10,2016,"ECON_ENTREPRENEURSHIP,16",1,31,1000,3.1,fox
10,2016,"SOC_GENERALCRIME,8",2,24,1000,2.4,fox
10,2016,"RELIGION,8",3,9,1000,0.8999999999999999,fox
11,2016,"ELECTION,9",1,12,1000,1.2,fox
11,2016,"RELIGION,8",2,12,1000,1.2,fox
11,2016,"GENERAL_HEALTH,6",3,9,1000,0.8999999999999999,fox
12,2016,"USPEC_POLITICS_GENERAL1,8",1,127,1000,12.7,fox
12,2016,"MEDICAL,6",2,24,1000,2.4,fox
12,2016,"GENERAL_HEALTH,6",3,21,1000,2.1,fox
1,2017,"USPEC_POLITICS_GENERAL1,8",1,124,1000,12.4,fox
1,2017,"GENERAL_HEALTH,6",2,12,1000,1.2,fox
1,2017,"MEDICAL,6",3,12,1000,1.2,fox
2,2017,"MEDIA_SOCIAL,2274",1,38,1000,3.8,fox
2,2017,"BULLYING,586",2,38,1000,3.8,fox
2,2017,"EDUCATION,3253",3,37,1000,3.6999999999999997,fox
3,2017,"USPEC_POLITICS_GENERAL1,9",1,24,1000,2.4,fox
3,2017,"EPU_CATS_MIGRATION_FEAR_FEAR,6",2,23,1000,2.3,fox
3,2017,"SOC_GENERALCRIME,6",3,22,1000,2.1999999999999997,fox
4,2017,"SOC_GENERALCRIME,6",1,27,1000,2.7,fox
4,2017,"EPU_CATS_MIGRATION_FEAR_FEAR,6",2,27,1000,2.7,fox
4,2017,"LEADER,10",3,15,1000,1.5,fox
5,2017,"SOC_GENERALCRIME,5",1,51,1000,5.1,fox
5,2017,"EPU_CATS_MIGRATION_FEAR_FEAR,5",2,51,1000,5.1,fox
5,2017,"EPU_POLICY_WHITE_HOUSE,11",3,18,1000,1.7999999999999998,fox
6,2017,"SOC_GENERALCRIME,5",1,107,1000,10.7,fox
6,2017,"EPU_CATS_MIGRATION_FEAR_FEAR,5",2,107,1000,10.7,fox
6,2017,"WB_2433_CONFLICT_AND_VIOLENCE,9",3,24,1000,2.4,fox
7,2017,"SOC_GENERALCRIME,5",1,84,1000,8.4,fox
7,2017,"EPU_CATS_MIGRATION_FEAR_FEAR,5",2,84,1000,8.4,fox
7,2017,"EPU_POLICY_WHITE_HOUSE,11",3,25,1000,2.5,fox
8,2017,"SOC_GENERALCRIME,5",1,70,1000,7.000000000000001,fox
8,2017,"EPU_CATS_MIGRATION_FEAR_FEAR,5",2,70,1000,7.000000000000001,fox
8,2017,"EPU_POLICY_WHITE_HOUSE,11",3,17,1000,1.7000000000000002,fox
9,2017,"SOC_GENERALCRIME,5",1,34,1000,3.4000000000000004,fox
9,2017,"EPU_CATS_MIGRATION_FEAR_FEAR,5",2,34,1000,3.4000000000000004,fox
9,2017,"NATURAL_DISASTER_HURRICANES,10",3,27,1000,2.7,fox
10,2017,"TAX_FNCACT_MAN,3",1,16,1000,1.6,fox
10,2017,"LEADER,10",2,9,1000,0.8999999999999999,fox
10,2017,"TAX_FNCACT_PRESIDENT,10",3,9,1000,0.8999999999999999,fox
11,2017,"SECURITY_SERVICES,6",1,15,1000,1.5,fox
11,2017,"TAX_FNCACT_POLICE,6",2,15,1000,1.5,fox
11,2017,"CRISISLEX_C07_SAFETY,6",3,13,1000,1.3,fox
12,2017,"TAX_FNCACT_MAN,3",1,16,1000,1.6,fox
12,2017,"SECURITY_SERVICES,6",2,10,1000,1.0,fox
12,2017,"TAX_FNCACT_POLICE,6",3,10,1000,1.0,fox
1,2018,"SECURITY_SERVICES,6",1,11,1000,1.0999999999999999,fox
1,2018,"TAX_FNCACT_POLICE,6",2,11,1000,1.0999999999999999,fox
1,2018,"CRISISLEX_C07_SAFETY,6",3,11,1000,1.0999999999999999,fox
2,2018,"TAX_FNCACT_MAN,3",1,14,1000,1.4000000000000001,fox
2,2018,"SECURITY_SERVICES,6",2,10,1000,1.0,fox
2,2018,"TAX_FNCACT_POLICE,6",3,10,1000,1.0,fox
3,2018,"TAX_FNCACT_MAN,3",1,15,1000,1.5,fox
3,2018,"CRISISLEX_C07_SAFETY,15",2,7,1000,0.7000000000000001,fox
3,2018,"KILL,16",3,7,1000,0.7000000000000001,fox
4,2018,"TAX_FNCACT_MAN,3",1,12,1000,1.2,fox
4,2018,"SECURITY_SERVICES,6",2,7,1000,0.7000000000000001,fox
4,2018,"TAX_FNCACT_POLICE,6",3,7,1000,0.7000000000000001,fox
5,2018,"TAX_FNCACT_MAN,3",1,14,1000,1.4000000000000001,fox
5,2018,"TAX_FNCACT_MAN,12",2,10,1000,1.0,fox
5,2018,"TAX_FNCACT_PRINCE,22",3,9,1000,0.8999999999999999,fox
6,2018,"TAX_FNCACT_MAN,3",1,10,1000,1.0,fox
6,2018,"CRISISLEX_C07_SAFETY,122",2,6,1000,0.6,fox
6,2018,"SECURITY_SERVICES,101",3,5,1000,0.5,fox
7,2018,"LEADER,9",1,11,1000,1.0999999999999999,fox
7,2018,"TAX_FNCACT_PRESIDENT,9",2,10,1000,1.0,fox
7,2018,"USPEC_POLITICS_GENERAL1,9",3,10,1000,1.0,fox
8,2018,"USPEC_POLITICS_GENERAL1,9",1,26,1000,2.6,fox
8,2018,"LEADER,9",2,25,1000,2.5,fox
8,2018,"TAX_FNCACT_PRESIDENT,9",3,25,1000,2.5,fox
9,2018,"LEADER,9",1,26,1000,2.6,fox
9,2018,"TAX_FNCACT_PRESIDENT,9",2,24,1000,2.4,fox
9,2018,"USPEC_POLITICS_GENERAL1,9",3,23,1000,2.3,fox
10,2018,"WB_678_DIGITAL_GOVERNMENT,47",1,49,1000,4.9,fox
10,2018,"WB_694_BROADCAST_AND_MEDIA,47",2,49,1000,4.9,fox
10,2018,"WB_133_INFORMATION_AND_COMMUNICATION_TECHNOLOGIES,47",3,49,1000,4.9,fox
11,2018,"AFFECT,461",1,89,1000,8.9,fox
11,2018,"USPEC_POLITICS_GENERAL1,9",2,13,1000,1.3,fox
11,2018,"LEADER,9",3,12,1000,1.2,fox
12,2018,"LEADER,9",1,25,1000,2.5,fox
12,2018,"TAX_FNCACT_PRESIDENT,9",2,25,1000,2.5,fox
12,2018,"USPEC_POLITICS_GENERAL1,9",3,24,1000,2.4,fox
1,2019,"LEADER,9",1,39,1000,3.9,fox
1,2019,"TAX_FNCACT_PRESIDENT,9",2,38,1000,3.8,fox
1,2019,"USPEC_POLITICS_GENERAL1,9",3,38,1000,3.8,fox
2,2019,"USPEC_POLITICS_GENERAL1,9",1,16,1000,1.6,fox
2,2019,"LEADER,9",2,12,1000,1.2,fox
2,2019,"TAX_FNCACT_PRESIDENT,9",3,12,1000,1.2,fox
3,2019,"USPEC_POLITICS_GENERAL1,9",1,26,1000,2.6,fox
3,2019,"LEADER,9",2,24,1000,2.4,fox
3,2019,"TAX_FNCACT_PRESIDENT,9",3,23,1000,2.3,fox
4,2019,"USPEC_POLITICS_GENERAL1,9",1,27,1000,2.7,fox
4,2019,"LEADER,9",2,23,1000,2.3,fox
4,2019,"TAX_FNCACT_PRESIDENT,9",3,22,1000,2.1999999999999997,fox
5,2019,"USPEC_POLITICS_GENERAL1,9",1,31,1000,3.1,fox
5,2019,"LEADER,9",2,30,1000,3.0,fox
5,2019,"TAX_FNCACT_PRESIDENT,9",3,28,1000,2.8000000000000003,fox
6,2019,"LEADER,9",1,28,1000,2.8000000000000003,fox
6,2019,"TAX_FNCACT_PRESIDENT,9",2,28,1000,2.8000000000000003,fox
6,2019,"USPEC_POLITICS_GENERAL1,9",3,28,1000,2.8000000000000003,fox
7,2019,"TAX_WORLDMAMMALS_FOX,3",1,58,1000,5.800000000000001,fox
7,2019,"TAX_WORLDMAMMALS_FOX,99",2,47,1000,4.7,fox
7,2019,"TAX_WORLDMAMMALS_FOX,51",3,46,1000,4.6,fox
8,2019,"USPEC_POLITICS_GENERAL1,9",1,34,1000,3.4000000000000004,fox
8,2019,"LEADER,9",2,33,1000,3.3000000000000003,fox
8,2019,"TAX_FNCACT_PRESIDENT,9",3,29,1000,2.9000000000000004,fox
9,2019,"TAX_WORLDMAMMALS_FOX,3",1,25,1000,2.5,fox
9,2019,"USPEC_POLITICS_GENERAL1,9",2,25,1000,2.5,fox
9,2019,"LEADER,9",3,22,1000,2.1999999999999997,fox
10,2019,"TAX_WORLDMAMMALS_FOX,3",1,98,1000,9.8,fox
10,2019,"TAX_WORLDMAMMALS_FOX,51",2,93,1000,9.3,fox
10,2019,"TAX_WORLDMAMMALS_FOX,99",3,93,1000,9.3,fox
11,2019,"TAX_WORLDMAMMALS_FOX,3",1,129,1000,12.9,fox
11,2019,"TAX_WORLDMAMMALS_FOX,51",2,115,1000,11.5,fox
11,2019,"TAX_WORLDMAMMALS_FOX,99",3,114,1000,11.4,fox
12,2019,"TAX_WORLDMAMMALS_FOX,3",1,147,1000,14.7,fox
12,2019,"TAX_WORLDMAMMALS_FOX,51",2,128,1000,12.8,fox
12,2019,"TAX_WORLDMAMMALS_FOX,99",3,127,1000,12.7,fox
1,2020,"TAX_WORLDMAMMALS_FOX,3",1,100,1000,10.0,fox
1,2020,"TAX_WORLDMAMMALS_FOX,51",2,92,1000,9.2,fox
1,2020,"TAX_WORLDMAMMALS_FOX,99",3,92,1000,9.2,fox
2,2020,"TAX_WORLDMAMMALS_FOX,3",1,34,1000,3.4000000000000004,fox
2,2020,"USPEC_POLITICS_GENERAL1,9",2,27,1000,2.7,fox
2,2020,"LEADER,9",3,25,1000,2.5,fox
3,2020,"TAX_DISEASE_CORONAVIRUS,38",1,165,1000,16.5,fox
3,2020,"LEADER,9",2,26,1000,2.6,fox
3,2020,"TAX_FNCACT_PRESIDENT,9",3,22,1000,2.1999999999999997,fox
4,2020,"TAX_DISEASE_CORONAVIRUS,38",1,500,1000,50.0,fox
4,2020,"TAX_DISEASE_CORONAVIRUS,44",2,37,1000,3.6999999999999997,fox
4,2020,"LEADER,108",3,16,1000,1.6,fox
5,2020,"TAX_DISEASE_CORONAVIRUS,38",1,320,1000,32.0,fox
5,2020,"TAX_DISEASE_CORONAVIRUS,44",2,26,1000,2.6,fox
5,2020,"LEADER,9",3,24,1000,2.4,fox
6,2020,"LEADER,9",1,27,1000,2.7,fox
6,2020,"TAX_FNCACT_PRESIDENT,9",2,24,1000,2.4,fox
6,2020,"USPEC_POLITICS_GENERAL1,9",3,23,1000,2.3,fox
7,2020,"LEADER,9",1,30,1000,3.0,fox
7,2020,"USPEC_POLITICS_GENERAL1,9",2,30,1000,3.0,fox
7,2020,"TAX_FNCACT_PRESIDENT,9",3,29,1000,2.9000000000000004,fox
8,2020,"USPEC_POLITICS_GENERAL1,9",1,31,1000,3.1,fox
8,2020,"LEADER,9",2,30,1000,3.0,fox
8,2020,"TAX_FNCACT_PRESIDENT,9",3,29,1000,2.9000000000000004,fox
9,2020,"USPEC_POLITICS_GENERAL1,9",1,52,1000,5.2,fox
9,2020,"LEADER,9",2,47,1000,4.7,fox
9,2020,"TAX_FNCACT_PRESIDENT,9",3,46,1000,4.6,fox
10,2020,"LEADER,9",1,53,1000,5.3,fox
10,2020,"USPEC_POLITICS_GENERAL1,9",2,53,1000,5.3,fox
10,2020,"TAX_FNCACT_PRESIDENT,9",3,51,1000,5.1,fox
11,2020,"LEADER,9",1,33,1000,3.3000000000000003,fox
11,2020,"USPEC_POLITICS_GENERAL1,9",2,32,1000,3.2,fox
11,2020,"TAX_FNCACT_PRESIDENT,9",3,31,1000,3.1,fox
12,2020,"USPEC_POLITICS_GENERAL1,9",1,19,1000,1.9,fox
12,2020,"LEADER,9",2,16,1000,1.6,fox
12,2020,"TAX_FNCACT_PRESIDENT,9",3,16,1000,1.6,fox
1,2021,"USPEC_POLITICS_GENERAL1,9",1,51,1000,5.1,fox
1,2021,"LEADER,9",2,47,1000,4.7,fox
1,2021,"TAX_FNCACT_PRESIDENT,9",3,46,1000,4.6,fox
2,2021,"LEADER,9",1,29,1000,2.9000000000000004,fox
2,2021,"USPEC_POLITICS_GENERAL1,9",2,29,1000,2.9000000000000004,fox
2,2021,"TAX_FNCACT_PRESIDENT,9",3,28,1000,2.8000000000000003,fox
3,2021,"LEADER,9",1,25,1000,2.5,fox
3,2021,"USPEC_POLITICS_GENERAL1,9",2,24,1000,2.4,fox
3,2021,"TAX_FNCACT_PRESIDENT,9",3,23,1000,2.3,fox
4,2021,"LEADER,9",1,31,1000,3.1,fox
4,2021,"USPEC_POLITICS_GENERAL1,9",2,30,1000,3.0,fox
4,2021,"TAX_FNCACT_PRESIDENT,9",3,29,1000,2.9000000000000004,fox
5,2021,"WB_678_DIGITAL_GOVERNMENT,5",1,38,1000,3.8,fox
5,2021,"WB_678_DIGITAL_GOVERNMENT,26",2,38,1000,3.8,fox
5,2021,"WB_694_BROADCAST_AND_MEDIA,5",3,38,1000,3.8,fox
6,2021,"WB_678_DIGITAL_GOVERNMENT,5",1,60,1000,6.0,fox
6,2021,"WB_678_DIGITAL_GOVERNMENT,26",2,60,1000,6.0,fox
6,2021,"WB_694_BROADCAST_AND_MEDIA,5",3,60,1000,6.0,fox
7,2021,"WB_678_DIGITAL_GOVERNMENT,5",1,47,1000,4.7,fox
7,2021,"WB_678_DIGITAL_GOVERNMENT,26",2,47,1000,4.7,fox
7,2021,"WB_694_BROADCAST_AND_MEDIA,5",3,47,1000,4.7,fox
8,2021,"WB_678_DIGITAL_GOVERNMENT,5",1,58,1000,5.800000000000001,fox
8,2021,"WB_694_BROADCAST_AND_MEDIA,5",2,58,1000,5.800000000000001,fox
8,2021,"WB_133_INFORMATION_AND_COMMUNICATION_TECHNOLOGIES,5",3,58,1000,5.800000000000001,fox
9,2021,"TAX_WORLDMAMMALS_FOX,3",1,42,1000,4.2,fox
9,2021,"TAX_WORLDMAMMALS_FOX,28",2,41,1000,4.1000000000000005,fox
9,2021,"WB_678_DIGITAL_GOVERNMENT,5",3,30,1000,3.0,fox
10,2021,"TAX_WORLDMAMMALS_FOX,28",1,34,1000,3.4000000000000004,fox
10,2021,"WB_678_DIGITAL_GOVERNMENT,5",2,32,1000,3.2,fox
10,2021,"WB_678_DIGITAL_GOVERNMENT,26",3,32,1000,3.2,fox
11,2021,"TAX_WORLDMAMMALS_FOX,28",1,118,1000,11.799999999999999,fox
11,2021,"WB_678_DIGITAL_GOVERNMENT,5",2,29,1000,2.9000000000000004,fox
11,2021,"WB_678_DIGITAL_GOVERNMENT,26",3,29,1000,2.9000000000000004,fox
12,2021,"TAX_WORLDMAMMALS_FOX,28",1,175,1000,17.5,fox
12,2021,"TAX_WORLDMAMMALS_FOX,3",2,46,1000,4.6,fox
12,2021,"WB_678_DIGITAL_GOVERNMENT,5",3,27,1000,2.7,fox
1,2022,"TAX_WORLDMAMMALS_FOX,28",1,201,1000,20.1,fox
1,2022,"TAX_WORLDMAMMALS_FOX,3",2,47,1000,4.7,fox
1,2022,"WB_678_DIGITAL_GOVERNMENT,5",3,21,1000,2.1,fox
2,2022,"TAX_WORLDMAMMALS_FOX,28",1,408,1000,40.8,fox
2,2022,"WB_678_DIGITAL_GOVERNMENT,5",2,31,1000,3.1,fox
2,2022,"WB_678_DIGITAL_GOVERNMENT,26",3,31,1000,3.1,fox
3,2022,"TAX_WORLDMAMMALS_FOX,28",1,704,1000,70.39999999999999,fox
3,2022,"LEADER,55",2,30,1000,3.0,fox
3,2022,"USPEC_POLITICS_GENERAL1,55",3,28,1000,2.8000000000000003,fox
4,2022,"TAX_WORLDMAMMALS_FOX,28",1,639,1000,63.9,fox
4,2022,"TAX_WORLDMAMMALS_FOX,3",2,66,1000,6.6000000000000005,fox
4,2022,"TAX_WORLDMAMMALS_FOX,242",3,51,1000,5.1,fox
5,2022,"TAX_WORLDMAMMALS_FOX,28",1,646,1000,64.60000000000001,fox
5,2022,"TAX_WORLDMAMMALS_FOX,3",2,60,1000,6.0,fox
5,2022,"TAX_WORLDMAMMALS_FOX,99",3,28,1000,2.8000000000000003,fox
6,2022,"TAX_WORLDMAMMALS_FOX,28",1,607,1000,60.699999999999996,fox
6,2022,"TAX_WORLDMAMMALS_FOX,3",2,58,1000,5.800000000000001,fox
6,2022,"TAX_WORLDMAMMALS_FOX,99",3,43,1000,4.3,fox
7,2022,"TAX_WORLDMAMMALS_FOX,28",1,614,1000,61.4,fox
7,2022,"TAX_WORLDMAMMALS_FOX,3",2,57,1000,5.7,fox
7,2022,"TAX_WORLDMAMMALS_FOX,99",3,36,1000,3.5999999999999996,fox
8,2022,"TAX_WORLDMAMMALS_FOX,28",1,674,1000,67.4,fox
8,2022,"TAX_WORLDMAMMALS_FOX,3",2,35,1000,3.5000000000000004,fox
8,2022,"TAX_WORLDMAMMALS_FOX,51",3,19,1000,1.9,fox
9,2022,"TAX_WORLDMAMMALS_FOX,28",1,645,1000,64.5,fox
9,2022,"LEADER,55",2,14,1000,1.4000000000000001,fox
9,2022,"USPEC_POLITICS_GENERAL1,55",3,14,1000,1.4000000000000001,fox
10,2022,"TAX_WORLDMAMMALS_FOX,28",1,21,1000,2.1,fox
10,2022,"LEADER,9",2,11,1000,1.0999999999999999,fox
10,2022,"USPEC_POLITICS_GENERAL1,9",3,11,1000,1.0999999999999999,fox
11,2022,"TAX_WORLDMAMMALS_FOX,28",1,24,1000,2.4,fox
11,2022,"USPEC_POLITICS_GENERAL1,9",2,16,1000,1.6,fox
11,2022,"LEADER,9",3,9,1000,0.8999999999999999,fox
12,2022,"USPEC_POLITICS_GENERAL1,9",1,19,1000,1.9,fox
12,2022,"LEADER,9",2,18,1000,1.7999999999999998,fox
12,2022,"TAX_WORLDMAMMALS_FOX,28",3,17,1000,1.7000000000000002,fox
1,2023,"USPEC_POLITICS_GENERAL1,9",1,16,1000,1.6,fox
1,2023,"TAX_WORLDMAMMALS_FOX,28",2,15,1000,1.5,fox
1,2023,"TAX_FNCACT_MAN,5",3,13,1000,1.3,fox
2,2023,"LEADER,9",1,17,1000,1.7000000000000002,fox
2,2023,"USPEC_POLITICS_GENERAL1,9",2,16,1000,1.6,fox
2,2023,"TAX_FNCACT_PRESIDENT,9",3,16,1000,1.6,fox
3,2023,"LEADER,9",1,15,1000,1.5,fox
3,2023,"TAX_FNCACT_PRESIDENT,9",2,15,1000,1.5,fox
3,2023,"USPEC_POLITICS_GENERAL1,9",3,14,1000,1.4000000000000001,fox
4,2023,"LEADER,9",1,19,1000,1.9,fox
4,2023,"USPEC_POLITICS_GENERAL1,9",2,18,1000,1.7999999999999998,fox
4,2023,"TAX_FNCACT_PRESIDENT,9",3,16,1000,1.6,fox
5,2023,"TAX_WORLDMAMMALS_FOX,28",1,21,1000,2.1,fox
5,2023,"LEADER,9",2,14,1000,1.4000000000000001,fox
5,2023,"USPEC_POLITICS_GENERAL1,9",3,13,1000,1.3,fox
6,2023,"USPEC_POLITICS_GENERAL1,9",1,19,1000,1.9,fox
6,2023,"LEADER,9",2,17,1000,1.7000000000000002,fox
6,2023,"TAX_FNCACT_PRESIDENT,9",3,16,1000,1.6,fox
7,2023,"TAX_WORLDMAMMALS_FOX,28",1,15,1000,1.5,fox
7,2023,"LEADER,9",2,15,1000,1.5,fox
7,2023,"USPEC_POLITICS_GENERAL1,9",3,15,1000,1.5,fox
8,2023,"USPEC_POLITICS_GENERAL1,16",1,13,1000,1.3,fox
8,2023,"TAX_WORLDMAMMALS_FOX,28",2,12,1000,1.2,fox
8,2023,"USPEC_POLITICS_GENERAL1,10",3,11,1000,1.0999999999999999,fox
9,2023,"TAX_WORLDMAMMALS_FOX,28",1,24,1000,2.4,fox
9,2023,"TAX_WORLDMAMMALS_FOX,12",2,18,1000,1.7999999999999998,fox
9,2023,"TAX_WORLDMAMMALS_FOX,3",3,12,1000,1.2,fox
10,2023,"TAX_WORLDMAMMALS_FOX,28",1,21,1000,2.1,fox
10,2023,"TAX_WORLDMAMMALS_FOX,3",2,14,1000,1.4000000000000001,fox
10,2023,"TAX_FNCACT_MAN,5",3,9,1000,0.8999999999999999,fox
11,2023,"TAX_WORLDMAMMALS_FOX,28",1,22,1000,2.1999999999999997,fox
11,2023,"TAX_WORLDMAMMALS_FOX,3",2,11,1000,1.0999999999999999,fox
11,2023,"LEADER,9",3,11,1000,1.0999999999999999,fox
12,2023,"TAX_WORLDMAMMALS_FOX,3",1,19,1000,1.9,fox
12,2023,"TAX_WORLDMAMMALS_FOX,28",2,11,1000,1.0999999999999999,fox
12,2023,"TAX_WORLDMAMMALS_FOX,12",3,11,1000,1.0999999999999999,fox
1,2024,"TAX_WORLDMAMMALS_FOX,8",1,158,1000,15.8,fox
1,2024,"TAX_WORLDMAMMALS_FOX,143",2,15,1000,1.5,fox
1,2024,"USPEC_POLITICS_GENERAL1,16",3,12,1000,1.2,fox
2,2024,"TAX_WORLDMAMMALS_FOX,8",1,213,1000,21.3,fox
2,2024,"TAX_WORLDMAMMALS_FOX,28",2,15,1000,1.5,fox
2,2024,"LEADER,9",3,13,1000,1.3,fox
3,2024,"TAX_WORLDMAMMALS_FOX,8",1,423,1000,42.3,fox
3,2024,"TAX_WORLDMAMMALS_FOX,156",2,21,1000,2.1,fox
3,2024,"USPEC_POLITICS_GENERAL1,153",3,11,1000,1.0999999999999999,fox
4,2024,"TAX_WORLDMAMMALS_FOX,8",1,68,1000,6.800000000000001,fox
4,2024,"TAX_WORLDMAMMALS_FOX,28",2,17,1000,1.7000000000000002,fox
4,2024,"USPEC_POLITICS_GENERAL1,9",3,15,1000,1.5,fox
5,2024,"TAX_WORLDMAMMALS_FOX,8",1,134,1000,13.4,fox
5,2024,"USPEC_POLITICS_GENERAL1,9",2,16,1000,1.6,fox
5,2024,"TAX_WORLDMAMMALS_FOX,12",3,13,1000,1.3,fox
6,2024,"TAX_WORLDMAMMALS_FOX,28",1,28,1000,2.8000000000000003,fox
6,2024,"USPEC_POLITICS_GENERAL1,9",2,25,1000,2.5,fox
6,2024,"LEADER,9",3,22,1000,2.1999999999999997,fox
7,2024,"USPEC_POLITICS_GENERAL1,9",1,53,1000,5.3,fox
7,2024,"LEADER,9",2,47,1000,4.7,fox
7,2024,"TAX_FNCACT_PRESIDENT,9",3,45,1000,4.5,fox
8,2024,"TAX_WORLDMAMMALS_FOX,28",1,36,1000,3.5999999999999996,fox
8,2024,"LEADER,14",2,28,1000,2.8000000000000003,fox
8,2024,"TAX_FNCACT_PRESIDENT,14",3,27,1000,2.7,fox
9,2024,"TAX_WORLDMAMMALS_FOX,90",1,58,1000,5.800000000000001,fox
9,2024,"WB_678_DIGITAL_GOVERNMENT,47",2,58,1000,5.800000000000001,fox
9,2024,"WB_694_BROADCAST_AND_MEDIA,47",3,58,1000,5.800000000000001,fox
10,2024,"TAX_WORLDMAMMALS_FOX,28",1,29,1000,2.9000000000000004,fox
10,2024,"WB_2180_MUTUAL_FUNDS,308",2,24,1000,2.4,fox
10,2024,"WB_336_NON_BANK_FINANCIAL_INSTITUTIONS,308",3,24,1000,2.4,fox
11,2024,"TAX_WORLDMAMMALS_FOX,28",1,36,1000,3.5999999999999996,fox
11,2024,"TAX_WORLDMAMMALS_FOX,3",2,21,1000,2.1,fox
11,2024,"TAX_WORLDMAMMALS_FOX,90",3,18,1000,1.7999999999999998,fox
12,2024,"TAX_WORLDMAMMALS_FOX,28",1,33,1000,3.3000000000000003,fox
12,2024,"WB_678_DIGITAL_GOVERNMENT,47",2,14,1000,1.4000000000000001,fox
12,2024,"WB_694_BROADCAST_AND_MEDIA,47",3,14,1000,1.4000000000000001,fox
1,2025,"TAX_WORLDMAMMALS_FOX,28",1,47,1000,4.7,fox
1,2025,"LEADER,9",2,30,1000,3.0,fox
1,2025,"USPEC_POLITICS_GENERAL1,9",3,29,1000,2.9000000000000004,fox
2,2025,"USPEC_POLITICS_GENERAL1,9",1,50,1000,5.0,fox
2,2025,"LEADER,9",2,46,1000,4.6,fox
2,2025,"TAX_FNCACT_PRESIDENT,9",3,45,1000,4.5,fox
3,2025,"USPEC_POLITICS_GENERAL1,9",1,46,1000,4.6,fox
3,2025,"LEADER,9",2,41,1000,4.1000000000000005,fox
3,2025,"TAX_FNCACT_PRESIDENT,9",3,39,1000,3.9,fox
4,2025,"TAX_WORLDMAMMALS_FOX,28",1,3,79,3.79746835443038,fox
4,2025,"TAX_WORLDMAMMALS_FOX,12",2,2,79,2.5316455696202533,fox
4,2025,"LEADER,437",3,2,79,2.5316455696202533,fox
2,2015,"SECURITY_SERVICES,9",1,16,1000,1.6,abc
2,2015,"TAX_FNCACT,20",2,14,1000,1.4000000000000001,abc
2,2015,"LEADER,12",3,11,1000,1.0999999999999999,abc
3,2015,"TAX_FNCACT_POLICE,9",1,21,1000,2.1,abc
3,2015,"SECURITY_SERVICES,9",2,20,1000,2.0,abc
3,2015,"TAX_FNCACT_AUTHORITIES,14",3,16,1000,1.6,abc
4,2015,"TAX_FNCACT_AUTHORITIES,14",1,16,1000,1.6,abc
4,2015,"SECURITY_SERVICES,9",2,9,1000,0.8999999999999999,abc
4,2015,"TAX_FNCACT_POLICE,9",3,9,1000,0.8999999999999999,abc
5,2015,"TAX_FNCACT_POLICE,9",1,17,1000,1.7000000000000002,abc
5,2015,"SECURITY_SERVICES,9",2,16,1000,1.6,abc
5,2015,"TAX_FNCACT_AUTHORITIES,14",3,12,1000,1.2,abc
6,2015,"SECURITY_SERVICES,9",1,14,1000,1.4000000000000001,abc
6,2015,"TAX_FNCACT_POLICE,9",2,14,1000,1.4000000000000001,abc
6,2015,"TAX_FNCACT_AUTHORITIES,14",3,12,1000,1.2,abc
7,2015,"SECURITY_SERVICES,9",1,23,1000,2.3,abc
7,2015,"TAX_FNCACT_POLICE,9",2,23,1000,2.3,abc
7,2015,"CRISISLEX_C07_SAFETY,9",3,18,1000,1.7999999999999998,abc
8,2015,"SECURITY_SERVICES,9",1,18,1000,1.7999999999999998,abc
8,2015,"TAX_FNCACT_POLICE,9",2,18,1000,1.7999999999999998,abc
8,2015,"CRISISLEX_C07_SAFETY,9",3,18,1000,1.7999999999999998,abc
9,2015,"SECURITY_SERVICES,9",1,14,1000,1.4000000000000001,abc
9,2015,"TAX_FNCACT_POLICE,9",2,14,1000,1.4000000000000001,abc
9,2015,"CRISISLEX_C07_SAFETY,9",3,14,1000,1.4000000000000001,abc
10,2015,"TAX_FNCACT_AUTHORITIES,14",1,18,1000,1.7999999999999998,abc
10,2015,"CRISISLEX_CRISISLEXREC,14",2,18,1000,1.7999999999999998,abc
10,2015,"SECURITY_SERVICES,9",3,13,1000,1.3,abc
11,2015,"TAX_FNCACT_AUTHORITIES,14",1,17,1000,1.7000000000000002,abc
11,2015,"CRISISLEX_CRISISLEXREC,14",2,17,1000,1.7000000000000002,abc
11,2015,"SECURITY_SERVICES,9",3,12,1000,1.2,abc
12,2015,"TAX_FNCACT_AUTHORITIES,14",1,16,1000,1.6,abc
12,2015,"CRISISLEX_CRISISLEXREC,14",2,15,1000,1.5,abc
12,2015,"SECURITY_SERVICES,9",3,13,1000,1.3,abc
1,2016,"TAX_FNCACT_AUTHORITIES,14",1,14,1000,1.4000000000000001,abc
1,2016,"CRISISLEX_CRISISLEXREC,14",2,14,1000,1.4000000000000001,abc
1,2016,"EPU_POLICY_AUTHORITIES,14",3,14,1000,1.4000000000000001,abc
2,2016,"CRISISLEX_C07_SAFETY,9",1,14,1000,1.4000000000000001,abc
2,2016,"SECURITY_SERVICES,9",2,13,1000,1.3,abc
2,2016,"TAX_FNCACT_POLICE,9",3,13,1000,1.3,abc
3,2016,"TAX_FNCACT_POLICE,9",1,22,1000,2.1999999999999997,abc
3,2016,"SECURITY_SERVICES,9",2,21,1000,2.1,abc
3,2016,"CRISISLEX_C07_SAFETY,9",3,20,1000,2.0,abc
4,2016,"TAX_FNCACT_AUTHORITIES,14",1,10,1000,1.0,abc
4,2016,"CRISISLEX_CRISISLEXREC,14",2,10,1000,1.0,abc
4,2016,"EPU_POLICY_AUTHORITIES,14",3,10,1000,1.0,abc
5,2016,"TAX_FNCACT_AUTHORITIES,11",1,18,1000,1.7999999999999998,abc
5,2016,"CRISISLEX_CRISISLEXREC,11",2,18,1000,1.7999999999999998,abc
5,2016,"EPU_POLICY_AUTHORITIES,11",3,18,1000,1.7999999999999998,abc
6,2016,"TAX_FNCACT_AUTHORITIES,11",1,19,1000,1.9,abc
6,2016,"CRISISLEX_CRISISLEXREC,11",2,19,1000,1.9,abc
6,2016,"EPU_POLICY_AUTHORITIES,11",3,18,1000,1.7999999999999998,abc
7,2016,"SECURITY_SERVICES,6",1,17,1000,1.7000000000000002,abc
7,2016,"TAX_FNCACT_POLICE,6",2,17,1000,1.7000000000000002,abc
7,2016,"CRISISLEX_C07_SAFETY,6",3,17,1000,1.7000000000000002,abc
8,2016,"TAX_FNCACT_AUTHORITIES,11",1,21,1000,2.1,abc
8,2016,"CRISISLEX_CRISISLEXREC,11",2,21,1000,2.1,abc
8,2016,"EPU_POLICY_AUTHORITIES,11",3,21,1000,2.1,abc
9,2016,"TAX_FNCACT_AUTHORITIES,11",1,16,1000,1.6,abc
9,2016,"CRISISLEX_CRISISLEXREC,11",2,16,1000,1.6,abc
9,2016,"EPU_POLICY_AUTHORITIES,11",3,16,1000,1.6,abc
10,2016,"SECURITY_SERVICES,6",1,16,1000,1.6,abc
10,2016,"TAX_FNCACT_POLICE,6",2,16,1000,1.6,abc
10,2016,"CRISISLEX_C07_SAFETY,6",3,16,1000,1.6,abc
11,2016,"TAX_FNCACT_AUTHORITIES,11",1,17,1000,1.7000000000000002,abc
11,2016,"CRISISLEX_CRISISLEXREC,11",2,17,1000,1.7000000000000002,abc
11,2016,"EPU_POLICY_AUTHORITIES,11",3,17,1000,1.7000000000000002,abc
12,2016,"TAX_FNCACT_AUTHORITIES,11",1,24,1000,2.4,abc
12,2016,"CRISISLEX_CRISISLEXREC,11",2,24,1000,2.4,abc
12,2016,"EPU_POLICY_AUTHORITIES,11",3,24,1000,2.4,abc
1,2017,"SECURITY_SERVICES,6",1,20,1000,2.0,abc
1,2017,"TAX_FNCACT_POLICE,6",2,20,1000,2.0,abc
1,2017,"CRISISLEX_C07_SAFETY,6",3,20,1000,2.0,abc
2,2017,"USPEC_POLITICS_GENERAL1,9",1,40,1000,4.0,abc
2,2017,"LEADER,9",2,38,1000,3.8,abc
2,2017,"TAX_FNCACT_PRESIDENT,9",3,37,1000,3.6999999999999997,abc
3,2017,"USPEC_POLITICS_GENERAL1,9",1,17,1000,1.7000000000000002,abc
3,2017,"LEADER,9",2,15,1000,1.5,abc
3,2017,"TAX_FNCACT_PRESIDENT,9",3,13,1000,1.3,abc
4,2017,"LEADER,10",1,25,1000,2.5,abc
4,2017,"USPEC_POLITICS_GENERAL1,10",2,22,1000,2.1999999999999997,abc
4,2017,"TAX_FNCACT_PRESIDENT,10",3,21,1000,2.1,abc
5,2017,"CRISISLEX_CRISISLEXREC,11",1,20,1000,2.0,abc
5,2017,"USPEC_POLITICS_GENERAL1,9",2,20,1000,2.0,abc
5,2017,"TAX_FNCACT_AUTHORITIES,11",3,19,1000,1.9,abc
6,2017,"LEADER,9",1,21,1000,2.1,abc
6,2017,"USPEC_POLITICS_GENERAL1,9",2,20,1000,2.0,abc
6,2017,"TAX_FNCACT_PRESIDENT,9",3,19,1000,1.9,abc
7,2017,"USPEC_POLITICS_GENERAL1,10",1,16,1000,1.6,abc
7,2017,"LEADER,9",2,13,1000,1.3,abc
7,2017,"TAX_FNCACT_PRESIDENT,9",3,13,1000,1.3,abc
8,2017,"LEADER,9",1,18,1000,1.7999999999999998,abc
8,2017,"CRISISLEX_CRISISLEXREC,11",2,17,1000,1.7000000000000002,abc
8,2017,"TAX_FNCACT_PRESIDENT,9",3,17,1000,1.7000000000000002,abc
9,2017,"LEADER,9",1,19,1000,1.9,abc
9,2017,"TAX_FNCACT_PRESIDENT,9",2,19,1000,1.9,abc
9,2017,"USPEC_POLITICS_GENERAL1,9",3,18,1000,1.7999999999999998,abc
10,2017,"LEADER,9",1,17,1000,1.7000000000000002,abc
10,2017,"LEADER,10",2,17,1000,1.7000000000000002,abc
10,2017,"TAX_FNCACT_PRESIDENT,10",3,17,1000,1.7000000000000002,abc
11,2017,"USPEC_POLITICS_GENERAL1,10",1,18,1000,1.7999999999999998,abc
11,2017,"LEADER,9",2,16,1000,1.6,abc
11,2017,"TAX_FNCACT_PRESIDENT,9",3,16,1000,1.6,abc
12,2017,"USPEC_POLITICS_GENERAL1,9",1,18,1000,1.7999999999999998,abc
12,2017,"LEADER,9",2,16,1000,1.6,abc
12,2017,"TAX_FNCACT_PRESIDENT,9",3,16,1000,1.6,abc
1,2018,"USPEC_POLITICS_GENERAL1,10",1,20,1000,2.0,abc
1,2018,"LEADER,10",2,19,1000,1.9,abc
1,2018,"TAX_FNCACT_PRESIDENT,10",3,17,1000,1.7000000000000002,abc
2,2018,"USPEC_POLITICS_GENERAL1,9",1,15,1000,1.5,abc
2,2018,"LEADER,9",2,14,1000,1.4000000000000001,abc
2,2018,"TAX_FNCACT_PRESIDENT,9",3,13,1000,1.3,abc
3,2018,"TAX_FNCACT_AUTHORITIES,11",1,20,1000,2.0,abc
3,2018,"LEADER,10",2,19,1000,1.9,abc
3,2018,"USPEC_POLITICS_GENERAL1,10",3,19,1000,1.9,abc
4,2018,"USPEC_POLITICS_GENERAL1,9",1,15,1000,1.5,abc
4,2018,"LEADER,9",2,14,1000,1.4000000000000001,abc
4,2018,"TAX_FNCACT_PRESIDENT,9",3,14,1000,1.4000000000000001,abc
5,2018,"USPEC_POLITICS_GENERAL1,17",1,10,1000,1.0,abc
5,2018,"SECURITY_SERVICES,6",2,9,1000,0.8999999999999999,abc
5,2018,"TAX_FNCACT_POLICE,6",3,9,1000,0.8999999999999999,abc
6,2018,"LEADER,9",1,19,1000,1.9,abc
6,2018,"TAX_FNCACT_PRESIDENT,9",2,18,1000,1.7999999999999998,abc
6,2018,"USPEC_POLITICS_GENERAL1,9",3,18,1000,1.7999999999999998,abc
7,2018,"LEADER,10",1,28,1000,2.8000000000000003,abc
7,2018,"USPEC_POLITICS_GENERAL1,10",2,26,1000,2.6,abc
7,2018,"TAX_FNCACT_PRESIDENT,10",3,25,1000,2.5,abc
8,2018,"SECURITY_SERVICES,7",1,16,1000,1.6,abc
8,2018,"TAX_FNCACT_POLICE,7",2,16,1000,1.6,abc
8,2018,"CRISISLEX_C07_SAFETY,7",3,16,1000,1.6,abc
9,2018,"LEADER,10",1,16,1000,1.6,abc
9,2018,"USPEC_POLITICS_GENERAL1,10",2,16,1000,1.6,abc
9,2018,"CRISISLEX_CRISISLEXREC,12",3,16,1000,1.6,abc
10,2018,"LEADER,10",1,21,1000,2.1,abc
10,2018,"TAX_FNCACT_PRESIDENT,10",2,20,1000,2.0,abc
10,2018,"USPEC_POLITICS_GENERAL1,10",3,20,1000,2.0,abc
11,2018,"USPEC_POLITICS_GENERAL1,10",1,18,1000,1.7999999999999998,abc
11,2018,"LEADER,10",2,17,1000,1.7000000000000002,abc
11,2018,"TAX_FNCACT_PRESIDENT,10",3,16,1000,1.6,abc
12,2018,"LEADER,10",1,22,1000,2.1999999999999997,abc
12,2018,"TAX_FNCACT_PRESIDENT,10",2,21,1000,2.1,abc
12,2018,"USPEC_POLITICS_GENERAL1,10",3,21,1000,2.1,abc
1,2019,"USPEC_POLITICS_GENERAL1,10",1,24,1000,2.4,abc
1,2019,"LEADER,10",2,23,1000,2.3,abc
1,2019,"TAX_FNCACT_PRESIDENT,10",3,22,1000,2.1999999999999997,abc
2,2019,"USPEC_POLITICS_GENERAL1,10",1,36,909,3.9603960396039604,abc
2,2019,"LEADER,10",2,35,909,3.850385038503851,abc
2,2019,"TAX_FNCACT_PRESIDENT,10",3,33,909,3.6303630363036308,abc
3,2019,"LEADER,10",1,28,1000,2.8000000000000003,abc
3,2019,"USPEC_POLITICS_GENERAL1,10",2,28,1000,2.8000000000000003,abc
3,2019,"TAX_FNCACT_PRESIDENT,10",3,26,1000,2.6,abc
4,2019,"SECURITY_SERVICES,7",1,21,1000,2.1,abc
4,2019,"TAX_FNCACT_POLICE,7",2,21,1000,2.1,abc
4,2019,"CRISISLEX_C07_SAFETY,7",3,21,1000,2.1,abc
5,2019,"CRISISLEX_CRISISLEXREC,12",1,24,1000,2.4,abc
5,2019,"TAX_FNCACT_AUTHORITIES,12",2,23,1000,2.3,abc
5,2019,"EPU_POLICY_AUTHORITIES,12",3,23,1000,2.3,abc
6,2019,"TAX_FNCACT_AUTHORITIES,12",1,21,1000,2.1,abc
6,2019,"CRISISLEX_CRISISLEXREC,12",2,21,1000,2.1,abc
6,2019,"EPU_POLICY_AUTHORITIES,12",3,21,1000,2.1,abc
7,2019,"TAX_FNCACT_AUTHORITIES,12",1,32,1000,3.2,abc
7,2019,"CRISISLEX_CRISISLEXREC,12",2,32,1000,3.2,abc
7,2019,"EPU_POLICY_AUTHORITIES,12",3,32,1000,3.2,abc
8,2019,"TAX_FNCACT_AUTHORITIES,12",1,31,1000,3.1,abc
8,2019,"CRISISLEX_CRISISLEXREC,12",2,31,1000,3.1,abc
8,2019,"EPU_POLICY_AUTHORITIES,12",3,31,1000,3.1,abc
9,2019,"CRISISLEX_CRISISLEXREC,12",1,20,1000,2.0,abc
9,2019,"TAX_FNCACT_AUTHORITIES,12",2,19,1000,1.9,abc
9,2019,"EPU_POLICY_AUTHORITIES,12",3,19,1000,1.9,abc
10,2019,"TAX_FNCACT_AUTHORITIES,12",1,24,1000,2.4,abc
10,2019,"CRISISLEX_CRISISLEXREC,12",2,24,1000,2.4,abc
10,2019,"EPU_POLICY_AUTHORITIES,12",3,24,1000,2.4,abc
11,2019,"CRISISLEX_CRISISLEXREC,12",1,22,1000,2.1999999999999997,abc
11,2019,"TAX_FNCACT_AUTHORITIES,12",2,21,1000,2.1,abc
11,2019,"EPU_POLICY_AUTHORITIES,12",3,21,1000,2.1,abc
12,2019,"TAX_FNCACT_AUTHORITIES,12",1,9,1000,0.8999999999999999,abc
12,2019,"CRISISLEX_CRISISLEXREC,12",2,9,1000,0.8999999999999999,abc
12,2019,"EPU_POLICY_AUTHORITIES,12",3,9,1000,0.8999999999999999,abc
1,2020,"LEADER,10",1,9,1000,0.8999999999999999,abc
1,2020,"TAX_FNCACT_PRESIDENT,10",2,8,1000,0.8,abc
1,2020,"TAX_ETHNICITY_ARAB,18",3,7,1000,0.7000000000000001,abc
2,2020,"LEADER,35",1,10,1000,1.0,abc
2,2020,"TAX_ETHNICITY_ARAB,18",2,9,1000,0.8999999999999999,abc
2,2020,"TAX_ETHNICITY_ARAB,41",3,9,1000,0.8999999999999999,abc
3,2020,"ECON_STOCKMARKET,15",1,18,1000,1.7999999999999998,abc
3,2020,"TAX_WORLDLANGUAGES_RUSSIA,14",2,11,1000,1.0999999999999999,abc
3,2020,"TAX_ETHNICITY_ARAB,18",3,9,1000,0.8999999999999999,abc
4,2020,"TAX_DISEASE_CORONAVIRUS,48",1,13,1000,1.3,abc
4,2020,"WB_621_HEALTH_NUTRITION_AND_POPULATION,27",2,13,1000,1.3,abc
4,2020,"MEDICAL,162",3,12,1000,1.2,abc
5,2020,"LEADER,10",1,15,1000,1.5,abc
5,2020,"USPEC_POLITICS_GENERAL1,10",2,12,1000,1.2,abc
5,2020,"TAX_FNCACT_PRESIDENT,10",3,11,1000,1.0999999999999999,abc
6,2020,"TAX_WORLDLANGUAGES_RUSSIA,14",1,16,1000,1.6,abc
6,2020,"USPEC_POLITICS_GENERAL1,10",2,6,1000,0.6,abc
6,2020,"ECON_OILPRICE,25",3,6,1000,0.6,abc
7,2020,"TAX_WORLDLANGUAGES_RUSSIA,14",1,10,1000,1.0,abc
7,2020,"TAX_ETHNICITY_ARAB,18",2,10,1000,1.0,abc
7,2020,"TAX_ETHNICITY_ARAB,41",3,10,1000,1.0,abc
8,2020,"TAX_WORLDLANGUAGES_RUSSIA,14",1,9,1000,0.8999999999999999,abc
8,2020,"LEADER,10",2,9,1000,0.8999999999999999,abc
8,2020,"TAX_FNCACT_PRESIDENT,10",3,9,1000,0.8999999999999999,abc
9,2020,"LEADER,9",1,11,1000,1.0999999999999999,abc
9,2020,"TAX_FNCACT_PRESIDENT,9",2,11,1000,1.0999999999999999,abc
9,2020,"USPEC_POLITICS_GENERAL1,9",3,11,1000,1.0999999999999999,abc
10,2020,"TAX_ETHNICITY_ARAB,18",1,8,1000,0.8,abc
10,2020,"LEADER,21",2,7,1000,0.7000000000000001,abc
10,2020,"LEADER,9",3,7,1000,0.7000000000000001,abc
11,2020,"TAX_ETHNICITY_ARAB,18",1,10,1000,1.0,abc
11,2020,"TAX_ETHNICITY_ARAB,41",2,10,1000,1.0,abc
11,2020,"USPEC_POLITICS_GENERAL1,35",3,7,1000,0.7000000000000001,abc
12,2020,"ECON_OILPRICE,24",1,6,1000,0.6,abc
12,2020,"TAX_WORLDLANGUAGES_RUSSIA,14",2,6,1000,0.6,abc
12,2020,"LEADER,35",3,6,1000,0.6,abc
1,2021,"LEADER,35",1,11,1000,1.0999999999999999,abc
1,2021,"USPEC_POLITICS_GENERAL1,35",2,11,1000,1.0999999999999999,abc
1,2021,"TAX_FNCACT_PRESIDENT,35",3,10,1000,1.0,abc
2,2021,"USPEC_POLITICS_GENERAL1,35",1,15,1000,1.5,abc
2,2021,"LEADER,35",2,14,1000,1.4000000000000001,abc
2,2021,"TAX_FNCACT_PRESIDENT,35",3,12,1000,1.2,abc
3,2021,"LEADER,9",1,10,1000,1.0,abc
3,2021,"USPEC_POLITICS_GENERAL1,9",2,10,1000,1.0,abc
3,2021,"USPEC_POLITICS_GENERAL1,35",3,9,1000,0.8999999999999999,abc
4,2021,"LEADER,9",1,12,1000,1.2,abc
4,2021,"TAX_FNCACT_PRESIDENT,9",2,12,1000,1.2,abc
4,2021,"USPEC_POLITICS_GENERAL1,9",3,12,1000,1.2,abc
5,2021,"TAX_WORLDLANGUAGES_RUSSIA,14",1,13,1000,1.3,abc
5,2021,"LEADER,35",2,8,1000,0.8,abc
5,2021,"ECON_OILPRICE,24",3,7,1000,0.7000000000000001,abc
6,2021,"TAX_WORLDLANGUAGES_RUSSIA,14",1,14,1000,1.4000000000000001,abc
6,2021,"TAX_ETHNICITY_ARAB,18",2,10,1000,1.0,abc
6,2021,"TAX_ETHNICITY_ARAB,41",3,10,1000,1.0,abc
7,2021,"ECON_STOCKMARKET,6",1,12,1000,1.2,abc
7,2021,"TAX_WORLDLANGUAGES_RUSSIA,14",2,11,1000,1.0999999999999999,abc
7,2021,"LEADER,9",3,7,1000,0.7000000000000001,abc
8,2021,"TAX_WORLDLANGUAGES_RUSSIA,14",1,12,1000,1.2,abc
8,2021,"TAX_ETHNICITY_ARAB,18",2,7,1000,0.7000000000000001,abc
8,2021,"TAX_ETHNICITY_ARAB,41",3,7,1000,0.7000000000000001,abc
9,2021,"LEADER,35",1,11,1000,1.0999999999999999,abc
9,2021,"TAX_FNCACT_PRESIDENT,35",2,11,1000,1.0999999999999999,abc
9,2021,"USPEC_POLITICS_GENERAL1,35",3,11,1000,1.0999999999999999,abc
10,2021,"TAX_WORLDLANGUAGES_RUSSIA,14",1,8,1000,0.8,abc
10,2021,"CRISISLEX_CRISISLEXREC,177",2,6,1000,0.6,abc
10,2021,"LEADER,40",3,6,1000,0.6,abc
11,2021,"TAX_WORLDLANGUAGES_RUSSIA,14",1,14,1000,1.4000000000000001,abc
11,2021,"TAX_ETHNICITY_ARAB,18",2,6,1000,0.6,abc
11,2021,"TAX_ETHNICITY_ARAB,41",3,6,1000,0.6,abc
12,2021,"TAX_WORLDLANGUAGES_RUSSIA,14",1,10,1000,1.0,abc
12,2021,"LEADER,9",2,9,1000,0.8999999999999999,abc
12,2021,"TAX_FNCACT_PRESIDENT,9",3,9,1000,0.8999999999999999,abc
1,2022,"TAX_WORLDLANGUAGES_RUSSIA,14",1,10,1000,1.0,abc
1,2022,"TAX_ETHNICITY_ARAB,18",2,9,1000,0.8999999999999999,abc
1,2022,"TAX_ETHNICITY_ARAB,41",3,9,1000,0.8999999999999999,abc
2,2022,"TAX_ETHNICITY_ARAB,18",1,9,1000,0.8999999999999999,abc
2,2022,"TAX_ETHNICITY_ARAB,41",2,9,1000,0.8999999999999999,abc
2,2022,"USPEC_POLITICS_GENERAL1,35",3,7,1000,0.7000000000000001,abc
3,2022,"TAX_ETHNICITY_ARAB,18",1,10,1000,1.0,abc
3,2022,"TAX_ETHNICITY_ARAB,41",2,10,1000,1.0,abc
3,2022,"LEADER,35",3,8,1000,0.8,abc
4,2022,"TAX_ETHNICITY_ARAB,18",1,7,1000,0.7000000000000001,abc
4,2022,"TAX_ETHNICITY_ARAB,41",2,7,1000,0.7000000000000001,abc
4,2022,"ECON_OILPRICE,24",3,6,1000,0.6,abc
5,2022,"MANMADE_DISASTER_IMPLIED,149",1,7,1000,0.7000000000000001,abc
5,2022,"TAX_ETHNICITY_ARAB,18",2,7,1000,0.7000000000000001,abc
5,2022,"TAX_ETHNICITY_ARAB,41",3,7,1000,0.7000000000000001,abc
6,2022,"LEADER,35",1,8,1000,0.8,abc
6,2022,"USPEC_POLITICS_GENERAL1,35",2,8,1000,0.8,abc
6,2022,"TAX_FNCACT_PRESIDENT,35",3,7,1000,0.7000000000000001,abc
7,2022,"TAX_WORLDLANGUAGES_RUSSIA,14",1,7,1000,0.7000000000000001,abc
7,2022,"LEADER,9",2,6,1000,0.6,abc
7,2022,"ARMEDCONFLICT,253",3,5,1000,0.5,abc
8,2022,"TAX_ETHNICITY_ARAB,18",1,8,1000,0.8,abc
8,2022,"TAX_ETHNICITY_ARAB,41",2,8,1000,0.8,abc
8,2022,"TAX_WORLDLANGUAGES_RUSSIA,14",3,8,1000,0.8,abc
9,2022,"LEADER,9",1,10,1000,1.0,abc
9,2022,"TAX_FNCACT_PRESIDENT,9",2,10,1000,1.0,abc
9,2022,"USPEC_POLITICS_GENERAL1,9",3,10,1000,1.0,abc
10,2022,"TAX_ETHNICITY_ARAB,18",1,5,1000,0.5,abc
10,2022,"TAX_ETHNICITY_ARAB,41",2,5,1000,0.5,abc
10,2022,"LEADER,41",3,5,1000,0.5,abc
11,2022,"TAX_ETHNICITY_ARAB,18",1,10,1000,1.0,abc
11,2022,"TAX_ETHNICITY_ARAB,41",2,10,1000,1.0,abc
11,2022,"USPEC_POLITICS_GENERAL1,35",3,8,1000,0.8,abc
12,2022,"TAX_WORLDLANGUAGES_RUSSIA,14",1,7,1000,0.7000000000000001,abc
12,2022,"LEADER,32",2,7,1000,0.7000000000000001,abc
12,2022,"USPEC_POLITICS_GENERAL1,32",3,7,1000,0.7000000000000001,abc
1,2023,"TAX_ETHNICITY_ARAB,18",1,6,1000,0.6,abc
1,2023,"TAX_ETHNICITY_ARAB,41",2,6,1000,0.6,abc
1,2023,"LEADER,119",3,5,1000,0.5,abc
2,2023,"LEADER,35",1,10,1000,1.0,abc
2,2023,"USPEC_POLITICS_GENERAL1,35",2,10,1000,1.0,abc
2,2023,"TAX_FNCACT_PRESIDENT,35",3,9,1000,0.8999999999999999,abc
3,2023,"LEADER,39",1,9,1000,0.8999999999999999,abc
3,2023,"USPEC_POLITICS_GENERAL1,39",2,9,1000,0.8999999999999999,abc
3,2023,"USPEC_POLITICS_GENERAL1,35",3,8,1000,0.8,abc
4,2023,"USPEC_POLITICS_GENERAL1,35",1,9,1000,0.8999999999999999,abc
4,2023,"LEADER,25",2,8,1000,0.8,abc
4,2023,"USPEC_POLITICS_GENERAL1,25",3,8,1000,0.8,abc
5,2023,"LEADER,35",1,7,1000,0.7000000000000001,abc
5,2023,"USPEC_POLITICS_GENERAL1,55",2,6,1000,0.6,abc
5,2023,"TAX_ETHNICITY_ARAB,18",3,6,1000,0.6,abc
6,2023,"USPEC_POLITICS_GENERAL1,35",1,7,1000,0.7000000000000001,abc
6,2023,"USPEC_POLITICS_GENERAL1,28",2,6,1000,0.6,abc
6,2023,"LEADER,47",3,6,1000,0.6,abc
7,2023,"MANMADE_DISASTER_IMPLIED,1168",1,6,1000,0.6,abc
7,2023,"TAX_ETHNICITY_ASIAN,23",2,6,1000,0.6,abc
7,2023,"TAX_ETHNICITY_ARAB,18",3,5,1000,0.5,abc
8,2023,"LEADER,35",1,9,1000,0.8999999999999999,abc
8,2023,"TRIAL,529",2,6,1000,0.6,abc
8,2023,"LEADER,74",3,6,1000,0.6,abc
9,2023,"LEADER,38",1,7,1000,0.7000000000000001,abc
9,2023,"TAX_ETHNICITY_ARAB,18",2,7,1000,0.7000000000000001,abc
9,2023,"TAX_ETHNICITY_ARAB,41",3,7,1000,0.7000000000000001,abc
10,2023,"KILL,33",1,9,1000,0.8999999999999999,abc
10,2023,"CRISISLEX_T03_DEAD,33",2,9,1000,0.8999999999999999,abc
10,2023,"TAX_TERROR_GROUP_HAMAS,109",3,9,1000,0.8999999999999999,abc
11,2023,"MANMADE_DISASTER_IMPLIED,51",1,8,1000,0.8,abc
11,2023,"TAX_ETHNICITY_ARAB,18",2,8,1000,0.8,abc
11,2023,"TAX_ETHNICITY_ARAB,41",3,8,1000,0.8,abc
12,2023,"TAX_ETHNICITY_ARAB,18",1,10,1000,1.0,abc
12,2023,"TAX_ETHNICITY_ARAB,41",2,10,1000,1.0,abc
12,2023,"LEADER,16",3,8,1000,0.8,abc
1,2024,"LEADER,16",1,9,1000,0.8999999999999999,abc
1,2024,"TAX_FNCACT_PRESIDENT,16",2,9,1000,0.8999999999999999,abc
1,2024,"USPEC_POLITICS_GENERAL1,16",3,9,1000,0.8999999999999999,abc
2,2024,"ARMEDCONFLICT,26",1,8,1000,0.8,abc
2,2024,"EPU_CATS_NATIONAL_SECURITY,26",2,8,1000,0.8,abc
2,2024,"TERROR,76",3,8,1000,0.8,abc
3,2024,"USPEC_POLITICS_GENERAL1,35",1,9,1000,0.8999999999999999,abc
3,2024,"LEADER,35",2,8,1000,0.8,abc
3,2024,"LEADER,9",3,8,1000,0.8,abc
4,2024,"LEADER,35",1,7,1000,0.7000000000000001,abc
4,2024,"TAX_FNCACT_PRESIDENT,35",2,7,1000,0.7000000000000001,abc
4,2024,"USPEC_POLITICS_GENERAL1,35",3,7,1000,0.7000000000000001,abc
5,2024,"LEADER,16",1,9,1000,0.8999999999999999,abc
5,2024,"TAX_FNCACT_PRESIDENT,16",2,9,1000,0.8999999999999999,abc
5,2024,"USPEC_POLITICS_GENERAL1,16",3,9,1000,0.8999999999999999,abc
6,2024,"TAX_ETHNICITY_ARAB,18",1,13,1000,1.3,abc
6,2024,"TAX_ETHNICITY_ARAB,41",2,13,1000,1.3,abc
6,2024,"LEADER,40",3,7,1000,0.7000000000000001,abc
7,2024,"LEADER,40",1,10,1000,1.0,abc
7,2024,"USPEC_POLITICS_GENERAL1,35",2,9,1000,0.8999999999999999,abc
7,2024,"LEADER,16",3,9,1000,0.8999999999999999,abc
8,2024,"LEADER,14",1,11,1000,1.0999999999999999,abc
8,2024,"TAX_FNCACT_PRESIDENT,14",2,11,1000,1.0999999999999999,abc
8,2024,"USPEC_POLITICS_GENERAL1,14",3,11,1000,1.0999999999999999,abc
9,2024,"TAX_FNCACT_VICE_PRESIDENT,14",1,11,1000,1.0999999999999999,abc
9,2024,"LEADER,14",2,11,1000,1.0999999999999999,abc
9,2024,"TAX_FNCACT_PRESIDENT,14",3,11,1000,1.0999999999999999,abc
10,2024,"LEADER,16",1,7,1000,0.7000000000000001,abc
10,2024,"TAX_FNCACT_PRESIDENT,16",2,6,1000,0.6,abc
10,2024,"USPEC_POLITICS_GENERAL1,16",3,6,1000,0.6,abc
11,2024,"ELECTION,6",1,17,1000,1.7000000000000002,abc
11,2024,"LEADER,110",2,6,1000,0.6,abc
11,2024,"TAX_FNCACT_PRESIDENT,110",3,6,1000,0.6,abc
12,2024,"TAX_WORLDLANGUAGES_RUSSIA,14",1,6,1000,0.6,abc
12,2024,"MANMADE_DISASTER_IMPLIED,108",2,5,1000,0.5,abc
12,2024,"USPEC_POLITICS_GENERAL1,54",3,5,1000,0.5,abc
1,2025,"USPEC_POLITICS_GENERAL1,9",1,39,1000,3.9,abc
1,2025,"LEADER,9",2,38,1000,3.8,abc
1,2025,"TAX_FNCACT_PRESIDENT,9",3,37,1000,3.6999999999999997,abc
2,2025,"LEADER,9",1,27,1000,2.7,abc
2,2025,"USPEC_POLITICS_GENERAL1,9",2,26,1000,2.6,abc
2,2025,"TAX_FNCACT_PRESIDENT,9",3,25,1000,2.5,abc
3,2025,"USPEC_POLITICS_GENERAL1,9",1,23,1000,2.3,abc
3,2025,"LEADER,9",2,22,1000,2.1999999999999997,abc
3,2025,"TAX_FNCACT_PRESIDENT,9",3,22,1000,2.1999999999999997,abc
4,2025,"USPEC_POLITICS_GENERAL1,304",1,3,64,4.6875,abc
4,2025,"EPU_ECONOMY_HISTORIC,2873",2,2,64,3.125,abc
4,2025,"TAX_FNCACT_LEADER,1711",3,2,64,3.125,abc
2,2015,"LEADER,10",1,6,242,2.479338842975207,msnbc
2,2015,"TAX_FNCACT,231",2,4,242,1.6528925619834711,msnbc
2,2015,"TAX_FNCACT,344",3,4,242,1.6528925619834711,msnbc
3,2015,"LEADER,10",1,10,764,1.3089005235602094,msnbc
3,2015,"TAX_FNCACT_PRESIDENT,10",2,10,764,1.3089005235602094,msnbc
3,2015,"TAX_POLITICAL_PARTY_REPUBLICAN,11",3,6,764,0.7853403141361256,msnbc
4,2015,"LEADER,10",1,7,746,0.938337801608579,msnbc
4,2015,"TAX_FNCACT_PRESIDENT,10",2,7,746,0.938337801608579,msnbc
4,2015,"LEADER,438",3,4,746,0.5361930294906166,msnbc
5,2015,"TAX_POLITICAL_PARTY_REPUBLICAN,11",1,7,652,1.0736196319018405,msnbc
5,2015,"LEADER,10",2,6,652,0.9202453987730062,msnbc
5,2015,"TAX_FNCACT_PRESIDENT,10",3,6,652,0.9202453987730062,msnbc
6,2015,"LEADER,10",1,14,715,1.9580419580419581,msnbc
6,2015,"TAX_FNCACT_PRESIDENT,10",2,10,715,1.3986013986013985,msnbc
6,2015,"TAX_POLITICAL_PARTY_REPUBLICAN,11",3,10,715,1.3986013986013985,msnbc
7,2015,"TAX_FNCACT_CANDIDATE,34",1,13,787,1.6518424396442184,msnbc
7,2015,"LEADER,10",2,12,787,1.5247776365946633,msnbc
7,2015,"TAX_POLITICAL_PARTY_REPUBLICAN,11",3,11,787,1.3977128335451081,msnbc
8,2015,"USPEC_POLITICS_GENERAL1,11",1,20,723,2.7662517289073305,msnbc
8,2015,"TAX_POLITICAL_PARTY_REPUBLICAN,11",2,18,723,2.4896265560165975,msnbc
8,2015,"LEADER,10",3,13,723,1.7980636237897647,msnbc
9,2015,"USPEC_POLITICS_GENERAL1,11",1,17,741,2.2941970310391366,msnbc
9,2015,"TAX_POLITICAL_PARTY_REPUBLICAN,11",2,16,741,2.1592442645074224,msnbc
9,2015,"TAX_FNCACT_POPE,5",3,11,741,1.484480431848853,msnbc
10,2015,"TAX_POLITICAL_PARTY_REPUBLICAN,11",1,26,690,3.768115942028986,msnbc
10,2015,"USPEC_POLITICS_GENERAL1,11",2,26,690,3.768115942028986,msnbc
10,2015,"TAX_FNCACT_CANDIDATE,34",3,14,690,2.0289855072463765,msnbc
11,2015,"TAX_POLITICAL_PARTY_REPUBLICAN,11",1,23,645,3.565891472868217,msnbc
11,2015,"USPEC_POLITICS_GENERAL1,11",2,23,645,3.565891472868217,msnbc
11,2015,"TAX_FNCACT_CANDIDATE,34",3,17,645,2.635658914728682,msnbc
12,2015,"LEADER,10",1,19,667,2.848575712143928,msnbc
12,2015,"USPEC_POLITICS_GENERAL1,10",2,18,667,2.6986506746626686,msnbc
12,2015,"TAX_FNCACT_PRESIDENT,10",3,17,667,2.548725637181409,msnbc
1,2016,"LEADER,10",1,16,724,2.209944751381215,msnbc
1,2016,"TAX_FNCACT_PRESIDENT,10",2,15,724,2.071823204419889,msnbc
1,2016,"USPEC_POLITICS_GENERAL1,10",3,15,724,2.071823204419889,msnbc
2,2016,"EPU_POLICY_POLITICAL,73",1,13,716,1.8156424581005588,msnbc
2,2016,"EPU_POLICY_POLITICAL,124",2,13,716,1.8156424581005588,msnbc
2,2016,"UNGP_FORESTS_RIVERS_OCEANS,114",3,13,716,1.8156424581005588,msnbc
3,2016,"EPU_POLICY_POLITICAL,73",1,15,717,2.092050209205021,msnbc
3,2016,"EPU_POLICY_POLITICAL,124",2,15,717,2.092050209205021,msnbc
3,2016,"UNGP_FORESTS_RIVERS_OCEANS,114",3,15,717,2.092050209205021,msnbc
4,2016,"EPU_POLICY_POLITICAL,73",1,8,691,1.1577424023154848,msnbc
4,2016,"TAX_POLITICAL_PARTY_REPUBLICAN,11",2,8,691,1.1577424023154848,msnbc
4,2016,"USPEC_POLITICS_GENERAL1,11",3,8,691,1.1577424023154848,msnbc
5,2016,"USPEC_POLITICS_GENERAL1,10",1,9,740,1.2162162162162162,msnbc
5,2016,"LEADER,10",2,6,740,0.8108108108108109,msnbc
5,2016,"TAX_FNCACT_PRESIDENT,10",3,6,740,0.8108108108108109,msnbc
6,2016,"USPEC_POLITICS_GENERAL1,11",1,6,432,1.3888888888888888,msnbc
6,2016,"TAX_POLITICAL_PARTY_REPUBLICAN,11",2,5,432,1.1574074074074074,msnbc
6,2016,"USPEC_POLITICS_GENERAL1,17",3,5,432,1.1574074074074074,msnbc
7,2016,"USPEC_POLITICS_GENERAL1,11",1,8,266,3.007518796992481,msnbc
7,2016,"TAX_POLITICAL_PARTY_REPUBLICAN,11",2,7,266,2.631578947368421,msnbc
7,2016,"TAX_POLITICAL_PARTY_REPUBLICAN,10",3,5,266,1.8796992481203008,msnbc
8,2016,"USPEC_POLITICS_GENERAL1,17",1,4,170,2.3529411764705883,msnbc
8,2016,"EDUCATION,27",2,3,170,1.7647058823529411,msnbc
8,2016,"SOC_POINTSOFINTEREST_COLLEGE,27",3,3,170,1.7647058823529411,msnbc
9,2016,"TAX_FNCACT_LEADERS,265",1,4,260,1.5384615384615385,msnbc
9,2016,"POVERTY,134",2,4,260,1.5384615384615385,msnbc
9,2016,"WB_695_POVERTY,134",3,4,260,1.5384615384615385,msnbc
10,2016,"TAX_POLITICAL_PARTY_REPUBLICAN,269",1,3,246,1.2195121951219512,msnbc
10,2016,"TAX_FNCACT_NOMINEE,1721",2,3,246,1.2195121951219512,msnbc
10,2016,"TAX_FNCACT_NOMINEE,141",3,3,246,1.2195121951219512,msnbc
11,2016,"TAX_FNCACT_SENATOR,12",1,3,171,1.7543859649122806,msnbc
11,2016,"USPEC_POLITICS_GENERAL1,12",2,3,171,1.7543859649122806,msnbc
11,2016,"USPEC_POLITICS_GENERAL1,115",3,3,171,1.7543859649122806,msnbc
12,2016,"TAX_FNCACT_PRESIDENT,1974",1,4,206,1.9417475728155338,msnbc
12,2016,"USPEC_POLITICS_GENERAL1,15",2,3,206,1.4563106796116505,msnbc
12,2016,"USPEC_POLITICS_GENERAL1,1752",3,3,206,1.4563106796116505,msnbc
1,2017,"USPEC_POLITICS_GENERAL1,12",1,5,235,2.127659574468085,msnbc
1,2017,"USPEC_POLITICS_GENERAL1,132",2,4,235,1.702127659574468,msnbc
1,2017,"TAX_POLITICAL_PARTY_REPUBLICANS,12",3,4,235,1.702127659574468,msnbc
2,2017,"EPU_POLICY_WHITE_HOUSE,12",1,11,229,4.8034934497816595,msnbc
2,2017,"LEADER,140",2,5,229,2.1834061135371177,msnbc
2,2017,"TAX_FNCACT_PRESIDENT,140",3,5,229,2.1834061135371177,msnbc
3,2017,"USPEC_POLITICS_GENERAL1,12",1,17,251,6.772908366533864,msnbc
3,2017,"TAX_POLITICAL_PARTY_REPUBLICANS,12",2,16,251,6.374501992031872,msnbc
3,2017,"EPU_POLICY_WHITE_HOUSE,12",3,11,251,4.382470119521913,msnbc
4,2017,"TAX_FNCACT_PRESIDENT,405",1,4,205,1.951219512195122,msnbc
4,2017,"TAX_FNCACT_PRESIDENT,1001",2,3,205,1.4634146341463417,msnbc
4,2017,"LEADER,170",3,3,205,1.4634146341463417,msnbc
5,2017,"EPU_POLICY_WHITE_HOUSE,12",1,7,225,3.111111111111111,msnbc
5,2017,"USPEC_POLITICS_GENERAL1,11",2,5,225,2.2222222222222223,msnbc
5,2017,"USPEC_POLITICS_GENERAL1,12",3,5,225,2.2222222222222223,msnbc
6,2017,"USPEC_POLITICS_GENERAL1,12",1,6,213,2.8169014084507045,msnbc
6,2017,"USPEC_POLITICS_GENERAL1,11",2,5,213,2.3474178403755865,msnbc
6,2017,"TAX_POLITICAL_PARTY_REPUBLICANS,12",3,5,213,2.3474178403755865,msnbc
7,2017,"EPU_POLICY_WHITE_HOUSE,12",1,4,160,2.5,msnbc
7,2017,"USPEC_POLITICS_GENERAL1,79",2,3,160,1.875,msnbc
7,2017,"USPEC_POLITICS_GENERAL1,332",3,3,160,1.875,msnbc
8,2017,"USPEC_POLITICS_GENERAL1,1005",1,4,208,1.9230769230769231,msnbc
8,2017,"EPU_POLICY_WHITE_HOUSE,12",2,4,208,1.9230769230769231,msnbc
8,2017,"LEADER,1005",3,3,208,1.4423076923076923,msnbc
9,2017,"USPEC_POLITICS_GENERAL1,9",1,4,187,2.13903743315508,msnbc
9,2017,"LEADER,1467",2,3,187,1.6042780748663104,msnbc
9,2017,"LEADER,1308",3,3,187,1.6042780748663104,msnbc
10,2017,"USPEC_POLITICS_GENERAL1,12",1,11,236,4.661016949152542,msnbc
10,2017,"USPEC_POLITICS_GENERAL1,181",2,5,236,2.11864406779661,msnbc
10,2017,"USPEC_POLITICS_GENERAL1,9",3,5,236,2.11864406779661,msnbc
11,2017,"TAX_FNCACT_ADVERTISER,200",1,37,289,12.802768166089965,msnbc
11,2017,"USPEC_POLITICS_GENERAL1,11",2,5,289,1.7301038062283738,msnbc
11,2017,"USPEC_POLICY1,37",3,5,289,1.7301038062283738,msnbc
12,2017,"TAX_FNCACT_ADVERTISER,200",1,64,361,17.72853185595568,msnbc
12,2017,"TAX_FNCACT_ADVERTISER,94",2,32,361,8.86426592797784,msnbc
12,2017,"TAX_FNCACT_ADVERTISER,280",3,32,361,8.86426592797784,msnbc
1,2018,"TAX_FNCACT_ADVERTISER,94",1,11,372,2.956989247311828,msnbc
1,2018,"TAX_FNCACT_ADVERTISER,280",2,11,372,2.956989247311828,msnbc
1,2018,"USPEC_POLITICS_GENERAL1,9",3,7,372,1.881720430107527,msnbc
2,2018,"EPU_POLICY_WHITE_HOUSE,12",1,6,306,1.9607843137254901,msnbc
2,2018,"USPEC_POLITICS_GENERAL1,2643",2,3,306,0.9803921568627451,msnbc
2,2018,"LEADER,434",3,3,306,0.9803921568627451,msnbc
3,2018,"USPEC_POLITICS_GENERAL1,61",1,15,817,1.8359853121175032,msnbc
3,2018,"LEADER,61",2,12,817,1.4687882496940026,msnbc
3,2018,"TAX_FNCACT_PRESIDENT,61",3,12,817,1.4687882496940026,msnbc
4,2018,"USPEC_POLITICS_GENERAL1,61",1,16,1000,1.6,msnbc
4,2018,"LEADER,61",2,12,1000,1.2,msnbc
4,2018,"TAX_FNCACT_PRESIDENT,61",3,11,1000,1.0999999999999999,msnbc
5,2018,"USPEC_POLITICS_GENERAL1,9",1,8,386,2.072538860103627,msnbc
5,2018,"EPU_POLICY_WHITE_HOUSE,12",2,7,386,1.8134715025906734,msnbc
5,2018,"LEADER,9",3,7,386,1.8134715025906734,msnbc
6,2018,"EPU_CATS_MIGRATION_FEAR_MIGRATION,7",1,7,384,1.8229166666666667,msnbc
6,2018,"LEADER,9",2,6,384,1.5625,msnbc
6,2018,"TAX_FNCACT_PRESIDENT,9",3,6,384,1.5625,msnbc
7,2018,"USPEC_POLITICS_GENERAL1,9",1,31,925,3.3513513513513513,msnbc
7,2018,"LEADER,9",2,30,925,3.2432432432432434,msnbc
7,2018,"TAX_FNCACT_PRESIDENT,9",3,30,925,3.2432432432432434,msnbc
8,2018,"TAX_FNCACT_JUDGE,5",1,7,594,1.1784511784511784,msnbc
8,2018,"USPEC_POLITICS_GENERAL1,71",2,7,594,1.1784511784511784,msnbc
8,2018,"USPEC_POLITICS_GENERAL1,77",3,6,594,1.0101010101010102,msnbc
9,2018,"USPEC_POLITICS_GENERAL1,9",1,15,1000,1.5,msnbc
9,2018,"LEADER,9",2,9,1000,0.8999999999999999,msnbc
9,2018,"USPEC_POLITICS_GENERAL1,30",3,8,1000,0.8,msnbc
10,2018,"USPEC_POLITICS_GENERAL1,9",1,23,1000,2.3,msnbc
10,2018,"LEADER,9",2,15,1000,1.5,msnbc
10,2018,"TAX_FNCACT_PRESIDENT,9",3,15,1000,1.5,msnbc
11,2018,"USPEC_POLITICS_GENERAL1,9",1,19,1000,1.9,msnbc
11,2018,"TAX_POLITICAL_PARTY_DEMOCRATS,9",2,12,1000,1.2,msnbc
11,2018,"USPEC_POLITICS_GENERAL1,77",3,9,1000,0.8999999999999999,msnbc
12,2018,"USPEC_POLITICS_GENERAL1,9",1,28,1000,2.8000000000000003,msnbc
12,2018,"LEADER,9",2,18,1000,1.7999999999999998,msnbc
12,2018,"TAX_FNCACT_PRESIDENT,9",3,18,1000,1.7999999999999998,msnbc
1,2019,"USPEC_POLITICS_GENERAL1,93",1,10,1000,1.0,msnbc
1,2019,"USPEC_POLITICS_GENERAL1,9",2,10,1000,1.0,msnbc
1,2019,"USPEC_POLITICS_GENERAL1,86",3,9,1000,0.8999999999999999,msnbc
2,2019,"USPEC_POLITICS_GENERAL1,9",1,20,1000,2.0,msnbc
2,2019,"USPEC_POLITICS_GENERAL1,13",2,12,1000,1.2,msnbc
2,2019,"LEADER,9",3,12,1000,1.2,msnbc
3,2019,"USPEC_POLITICS_GENERAL1,9",1,18,1000,1.7999999999999998,msnbc
3,2019,"LEADER,9",2,10,1000,1.0,msnbc
3,2019,"TAX_FNCACT_PRESIDENT,9",3,9,1000,0.8999999999999999,msnbc
4,2019,"USPEC_POLITICS_GENERAL1,9",1,13,1000,1.3,msnbc
4,2019,"USPEC_POLITICS_GENERAL1,137",2,10,1000,1.0,msnbc
4,2019,"USPEC_POLITICS_GENERAL1,97",3,9,1000,0.8999999999999999,msnbc
5,2019,"USPEC_POLITICS_GENERAL1,9",1,41,1000,4.1000000000000005,msnbc
5,2019,"LEADER,9",2,39,1000,3.9,msnbc
5,2019,"TAX_FNCACT_PRESIDENT,9",3,35,1000,3.5000000000000004,msnbc
6,2019,"USPEC_POLITICS_GENERAL1,9",1,57,1000,5.7,msnbc
6,2019,"LEADER,9",2,54,1000,5.4,msnbc
6,2019,"TAX_FNCACT_PRESIDENT,9",3,53,1000,5.3,msnbc
7,2019,"USPEC_POLITICS_GENERAL1,9",1,65,1000,6.5,msnbc
7,2019,"LEADER,9",2,61,1000,6.1,msnbc
7,2019,"TAX_FNCACT_PRESIDENT,9",3,59,1000,5.8999999999999995,msnbc
8,2019,"USPEC_POLITICS_GENERAL1,9",1,58,1000,5.800000000000001,msnbc
8,2019,"LEADER,9",2,53,1000,5.3,msnbc
8,2019,"TAX_FNCACT_PRESIDENT,9",3,52,1000,5.2,msnbc
9,2019,"USPEC_POLITICS_GENERAL1,9",1,62,1000,6.2,msnbc
9,2019,"LEADER,9",2,60,1000,6.0,msnbc
9,2019,"TAX_FNCACT_PRESIDENT,9",3,58,1000,5.800000000000001,msnbc
10,2019,"USPEC_POLITICS_GENERAL1,9",1,51,1000,5.1,msnbc
10,2019,"LEADER,9",2,47,1000,4.7,msnbc
10,2019,"TAX_FNCACT_PRESIDENT,9",3,46,1000,4.6,msnbc
11,2019,"USPEC_POLITICS_GENERAL1,9",1,38,1000,3.8,msnbc
11,2019,"LEADER,9",2,31,1000,3.1,msnbc
11,2019,"TAX_FNCACT_PRESIDENT,9",3,30,1000,3.0,msnbc
12,2019,"USPEC_POLITICS_GENERAL1,9",1,44,1000,4.3999999999999995,msnbc
12,2019,"LEADER,9",2,34,1000,3.4000000000000004,msnbc
12,2019,"TAX_FNCACT_PRESIDENT,9",3,33,1000,3.3000000000000003,msnbc
1,2020,"TAX_FNCACT_SENATOR,7",1,37,1000,3.6999999999999997,msnbc
1,2020,"USPEC_POLITICS_GENERAL1,7",2,37,1000,3.6999999999999997,msnbc
1,2020,"USPEC_POLITICS_GENERAL1,9",3,20,1000,2.0,msnbc
2,2020,"USPEC_POLITICS_GENERAL1,9",1,29,1000,2.9000000000000004,msnbc
2,2020,"TAX_FNCACT_SENATOR,7",2,28,1000,2.8000000000000003,msnbc
2,2020,"USPEC_POLITICS_GENERAL1,7",3,28,1000,2.8000000000000003,msnbc
3,2020,"LEADER,9",1,33,1000,3.3000000000000003,msnbc
3,2020,"TAX_FNCACT_PRESIDENT,9",2,24,1000,2.4,msnbc
3,2020,"USPEC_POLITICS_GENERAL1,9",3,24,1000,2.4,msnbc
4,2020,"LEADER,9",1,39,1000,3.9,msnbc
4,2020,"TAX_FNCACT_PRESIDENT,9",2,35,1000,3.5000000000000004,msnbc
4,2020,"USPEC_POLITICS_GENERAL1,9",3,35,1000,3.5000000000000004,msnbc
5,2020,"LEADER,13",1,32,1000,3.2,msnbc
5,2020,"USPEC_POLITICS_GENERAL1,13",2,31,1000,3.1,msnbc
5,2020,"LEADER,9",3,29,1000,2.9000000000000004,msnbc
6,2020,"LEADER,9",1,28,1000,2.8000000000000003,msnbc
6,2020,"USPEC_POLITICS_GENERAL1,9",2,28,1000,2.8000000000000003,msnbc
6,2020,"TAX_FNCACT_PRESIDENT,9",3,25,1000,2.5,msnbc
7,2020,"LEADER,9",1,28,1000,2.8000000000000003,msnbc
7,2020,"LEADER,13",2,27,1000,2.7,msnbc
7,2020,"TAX_FNCACT_PRESIDENT,9",3,26,1000,2.6,msnbc
8,2020,"LEADER,9",1,28,1000,2.8000000000000003,msnbc
8,2020,"TAX_FNCACT_PRESIDENT,9",2,28,1000,2.8000000000000003,msnbc
8,2020,"USPEC_POLITICS_GENERAL1,9",3,28,1000,2.8000000000000003,msnbc
9,2020,"LEADER,9",1,29,1000,2.9000000000000004,msnbc
9,2020,"USPEC_POLITICS_GENERAL1,9",2,25,1000,2.5,msnbc
9,2020,"TAX_FNCACT_PRESIDENT,9",3,24,1000,2.4,msnbc
10,2020,"LEADER,9",1,19,670,2.8358208955223883,msnbc
10,2020,"TAX_FNCACT_PRESIDENT,9",2,19,670,2.8358208955223883,msnbc
10,2020,"USPEC_POLITICS_GENERAL1,9",3,19,670,2.8358208955223883,msnbc
11,2020,"LEADER,9",1,14,468,2.9914529914529915,msnbc
11,2020,"TAX_FNCACT_PRESIDENT,9",2,14,468,2.9914529914529915,msnbc
11,2020,"USPEC_POLITICS_GENERAL1,9",3,14,468,2.9914529914529915,msnbc
12,2020,"LEADER,9",1,15,832,1.8028846153846152,msnbc
12,2020,"TAX_FNCACT_PRESIDENT,9",2,15,832,1.8028846153846152,msnbc
12,2020,"USPEC_POLITICS_GENERAL1,9",3,15,832,1.8028846153846152,msnbc
1,2021,"USPEC_POLITICS_GENERAL1,9",1,31,1000,3.1,msnbc
1,2021,"LEADER,9",2,28,1000,2.8000000000000003,msnbc
1,2021,"TAX_FNCACT_PRESIDENT,9",3,28,1000,2.8000000000000003,msnbc
2,2021,"LEADER,9",1,30,778,3.8560411311053984,msnbc
2,2021,"TAX_FNCACT_PRESIDENT,9",2,29,778,3.7275064267352187,msnbc
2,2021,"USPEC_POLITICS_GENERAL1,9",3,28,778,3.5989717223650386,msnbc
3,2021,"LEADER,9",1,40,955,4.18848167539267,msnbc
3,2021,"USPEC_POLITICS_GENERAL1,9",2,40,955,4.18848167539267,msnbc
3,2021,"TAX_FNCACT_PRESIDENT,9",3,37,955,3.87434554973822,msnbc
4,2021,"LEADER,9",1,33,851,3.8777908343125738,msnbc
4,2021,"TAX_FNCACT_PRESIDENT,9",2,33,851,3.8777908343125738,msnbc
4,2021,"USPEC_POLITICS_GENERAL1,9",3,33,851,3.8777908343125738,msnbc
5,2021,"LEADER,9",1,30,1000,3.0,msnbc
5,2021,"USPEC_POLITICS_GENERAL1,9",2,30,1000,3.0,msnbc
5,2021,"TAX_FNCACT_PRESIDENT,9",3,29,1000,2.9000000000000004,msnbc
6,2021,"USPEC_POLITICS_GENERAL1,9",1,33,1000,3.3000000000000003,msnbc
6,2021,"LEADER,9",2,30,1000,3.0,msnbc
6,2021,"TAX_FNCACT_PRESIDENT,9",3,29,1000,2.9000000000000004,msnbc
7,2021,"LEADER,9",1,28,1000,2.8000000000000003,msnbc
7,2021,"USPEC_POLITICS_GENERAL1,9",2,28,1000,2.8000000000000003,msnbc
7,2021,"TAX_FNCACT_PRESIDENT,9",3,26,1000,2.6,msnbc
8,2021,"LEADER,9",1,16,726,2.203856749311295,msnbc
8,2021,"TAX_FNCACT_PRESIDENT,9",2,15,726,2.066115702479339,msnbc
8,2021,"USPEC_POLITICS_GENERAL1,9",3,15,726,2.066115702479339,msnbc
9,2021,"LEADER,9",1,17,763,2.2280471821756227,msnbc
9,2021,"USPEC_POLITICS_GENERAL1,9",2,17,763,2.2280471821756227,msnbc
9,2021,"TAX_FNCACT_PRESIDENT,9",3,16,763,2.0969855832241153,msnbc
10,2021,"USPEC_POLITICS_GENERAL1,9",1,22,864,2.5462962962962963,msnbc
10,2021,"LEADER,9",2,18,864,2.083333333333333,msnbc
10,2021,"TAX_FNCACT_PRESIDENT,9",3,17,864,1.9675925925925926,msnbc
11,2021,"USPEC_POLITICS_GENERAL1,9",1,14,721,1.9417475728155338,msnbc
11,2021,"LEADER,9",2,12,721,1.6643550624133148,msnbc
11,2021,"TAX_FNCACT_PRESIDENT,9",3,10,721,1.3869625520110958,msnbc
12,2021,"USPEC_POLITICS_GENERAL1,9",1,25,809,3.0902348578491967,msnbc
12,2021,"LEADER,9",2,24,809,2.966625463535229,msnbc
12,2021,"TAX_FNCACT_PRESIDENT,9",3,23,809,2.843016069221261,msnbc
1,2022,"USPEC_POLITICS_GENERAL1,9",1,28,820,3.414634146341464,msnbc
1,2022,"LEADER,9",2,27,820,3.2926829268292686,msnbc
1,2022,"TAX_FNCACT_PRESIDENT,9",3,26,820,3.1707317073170733,msnbc
2,2022,"LEADER,9",1,27,738,3.6585365853658534,msnbc
2,2022,"USPEC_POLITICS_GENERAL1,9",2,26,738,3.523035230352303,msnbc
2,2022,"TAX_FNCACT_PRESIDENT,9",3,25,738,3.387533875338753,msnbc
3,2022,"LEADER,9",1,27,801,3.3707865168539324,msnbc
3,2022,"TAX_FNCACT_PRESIDENT,9",2,27,801,3.3707865168539324,msnbc
3,2022,"USPEC_POLITICS_GENERAL1,9",3,27,801,3.3707865168539324,msnbc
4,2022,"LEADER,9",1,15,768,1.953125,msnbc
4,2022,"TAX_FNCACT_PRESIDENT,9",2,15,768,1.953125,msnbc
4,2022,"USPEC_POLITICS_GENERAL1,9",3,15,768,1.953125,msnbc
5,2022,"USPEC_POLITICS_GENERAL1,9",1,25,722,3.4626038781163437,msnbc
5,2022,"LEADER,9",2,22,722,3.0470914127423825,msnbc
5,2022,"TAX_FNCACT_PRESIDENT,9",3,22,722,3.0470914127423825,msnbc
6,2022,"USPEC_POLITICS_GENERAL1,14",1,19,670,2.8358208955223883,msnbc
6,2022,"USPEC_POLITICS_GENERAL1,9",2,10,670,1.4925373134328357,msnbc
6,2022,"LEADER,9",3,9,670,1.3432835820895521,msnbc
7,2022,"USPEC_POLITICS_GENERAL1,14",1,16,664,2.4096385542168677,msnbc
7,2022,"USPEC_POLITICS_GENERAL1,16",2,10,664,1.5060240963855422,msnbc
7,2022,"USPEC_POLITICS_GENERAL1,9",3,10,664,1.5060240963855422,msnbc
8,2022,"USPEC_POLITICS_GENERAL1,9",1,17,676,2.514792899408284,msnbc
8,2022,"USPEC_POLITICS_GENERAL1,16",2,17,676,2.514792899408284,msnbc
8,2022,"LEADER,16",3,16,676,2.366863905325444,msnbc
9,2022,"LEADER,9",1,18,614,2.9315960912052117,msnbc
9,2022,"TAX_FNCACT_PRESIDENT,9",2,18,614,2.9315960912052117,msnbc
9,2022,"USPEC_POLITICS_GENERAL1,9",3,18,614,2.9315960912052117,msnbc
10,2022,"USPEC_POLITICS_GENERAL1,9",1,19,814,2.334152334152334,msnbc
10,2022,"LEADER,9",2,18,814,2.211302211302211,msnbc
10,2022,"TAX_FNCACT_PRESIDENT,9",3,16,814,1.9656019656019657,msnbc
11,2022,"USPEC_POLITICS_GENERAL1,9",1,22,711,3.0942334739803097,msnbc
11,2022,"LEADER,16",2,18,711,2.5316455696202533,msnbc
11,2022,"TAX_FNCACT_PRESIDENT,16",3,18,711,2.5316455696202533,msnbc
12,2022,"USPEC_POLITICS_GENERAL1,14",1,15,686,2.186588921282799,msnbc
12,2022,"USPEC_POLITICS_GENERAL1,9",2,13,686,1.8950437317784257,msnbc
12,2022,"USPEC_POLITICS_GENERAL1,19",3,11,686,1.6034985422740524,msnbc
1,2023,"LEADER,9",1,19,704,2.6988636363636362,msnbc
1,2023,"TAX_FNCACT_PRESIDENT,9",2,19,704,2.6988636363636362,msnbc
1,2023,"USPEC_POLITICS_GENERAL1,9",3,19,704,2.6988636363636362,msnbc
2,2023,"USPEC_POLITICS_GENERAL1,9",1,26,801,3.245942571785269,msnbc
2,2023,"LEADER,9",2,24,801,2.9962546816479403,msnbc
2,2023,"TAX_FNCACT_PRESIDENT,9",3,24,801,2.9962546816479403,msnbc
3,2023,"LEADER,16",1,20,893,2.2396416573348263,msnbc
3,2023,"USPEC_POLITICS_GENERAL1,16",2,19,893,2.127659574468085,msnbc
3,2023,"USPEC_POLITICS_GENERAL1,9",3,18,893,2.015677491601344,msnbc
4,2023,"USPEC_POLITICS_GENERAL1,16",1,15,702,2.1367521367521367,msnbc
4,2023,"LEADER,16",2,13,702,1.8518518518518516,msnbc
4,2023,"TAX_FNCACT_PRESIDENT,16",3,12,702,1.7094017094017095,msnbc
5,2023,"USPEC_POLITICS_GENERAL1,9",1,20,759,2.635046113306983,msnbc
5,2023,"LEADER,9",2,19,759,2.503293807641634,msnbc
5,2023,"TAX_FNCACT_PRESIDENT,9",3,19,759,2.503293807641634,msnbc
6,2023,"LEADER,9",1,21,780,2.6923076923076925,msnbc
6,2023,"TAX_FNCACT_PRESIDENT,9",2,21,780,2.6923076923076925,msnbc
6,2023,"USPEC_POLITICS_GENERAL1,9",3,21,780,2.6923076923076925,msnbc
7,2023,"LEADER,9",1,15,728,2.0604395604395602,msnbc
7,2023,"TAX_FNCACT_PRESIDENT,9",2,15,728,2.0604395604395602,msnbc
7,2023,"USPEC_POLITICS_GENERAL1,9",3,15,728,2.0604395604395602,msnbc
8,2023,"USPEC_POLITICS_GENERAL1,16",1,25,751,3.3288948069241013,msnbc
8,2023,"LEADER,16",2,24,751,3.1957390146471374,msnbc
8,2023,"TAX_FNCACT_PRESIDENT,16",3,23,751,3.062583222370173,msnbc
9,2023,"USPEC_POLITICS_GENERAL1,16",1,18,619,2.9079159935379644,msnbc
9,2023,"LEADER,16",2,13,619,2.10016155088853,msnbc
9,2023,"TAX_FNCACT_PRESIDENT,16",3,13,619,2.10016155088853,msnbc
10,2023,"LEADER,9",1,20,806,2.481389578163772,msnbc
10,2023,"USPEC_POLITICS_GENERAL1,9",2,19,806,2.357320099255583,msnbc
10,2023,"TAX_FNCACT_PRESIDENT,9",3,18,806,2.2332506203473943,msnbc
11,2023,"USPEC_POLITICS_GENERAL1,9",1,17,686,2.478134110787172,msnbc
11,2023,"LEADER,9",2,16,686,2.3323615160349855,msnbc
11,2023,"TAX_FNCACT_PRESIDENT,9",3,16,686,2.3323615160349855,msnbc
12,2023,"USPEC_POLITICS_GENERAL1,16",1,16,703,2.275960170697013,msnbc
12,2023,"LEADER,16",2,12,703,1.7069701280227598,msnbc
12,2023,"TAX_FNCACT_PRESIDENT,16",3,11,703,1.5647226173541962,msnbc
1,2024,"USPEC_POLITICS_GENERAL1,16",1,27,772,3.4974093264248705,msnbc
1,2024,"LEADER,16",2,24,772,3.1088082901554404,msnbc
1,2024,"TAX_FNCACT_PRESIDENT,16",3,23,772,2.9792746113989637,msnbc
2,2024,"USPEC_POLITICS_GENERAL1,16",1,21,763,2.7522935779816518,msnbc
2,2024,"LEADER,9",2,19,763,2.490170380078637,msnbc
2,2024,"TAX_FNCACT_PRESIDENT,9",3,19,763,2.490170380078637,msnbc
3,2024,"USPEC_POLITICS_GENERAL1,9",1,42,933,4.501607717041801,msnbc
3,2024,"LEADER,9",2,40,933,4.287245444801715,msnbc
3,2024,"TAX_FNCACT_PRESIDENT,9",3,39,933,4.180064308681672,msnbc
4,2024,"USPEC_POLITICS_GENERAL1,9",1,27,843,3.202846975088968,msnbc
4,2024,"LEADER,9",2,26,843,3.084223013048636,msnbc
4,2024,"TAX_FNCACT_PRESIDENT,9",3,26,843,3.084223013048636,msnbc
5,2024,"USPEC_POLITICS_GENERAL1,9",1,23,823,2.7946537059538272,msnbc
5,2024,"USPEC_POLITICS_GENERAL1,16",2,22,823,2.67314702308627,msnbc
5,2024,"LEADER,9",3,22,823,2.67314702308627,msnbc
6,2024,"LEADER,9",1,43,747,5.756358768406962,msnbc
6,2024,"TAX_FNCACT_PRESIDENT,9",2,43,747,5.756358768406962,msnbc
6,2024,"USPEC_POLITICS_GENERAL1,9",3,43,747,5.756358768406962,msnbc
7,2024,"LEADER,9",1,43,790,5.443037974683544,msnbc
7,2024,"USPEC_POLITICS_GENERAL1,9",2,43,790,5.443037974683544,msnbc
7,2024,"TAX_FNCACT_PRESIDENT,9",3,42,790,5.3164556962025316,msnbc
8,2024,"LEADER,14",1,28,782,3.580562659846547,msnbc
8,2024,"USPEC_POLITICS_GENERAL1,14",2,27,782,3.4526854219948846,msnbc
8,2024,"TAX_FNCACT_PRESIDENT,14",3,26,782,3.324808184143223,msnbc
9,2024,"USPEC_POLITICS_GENERAL1,16",1,26,665,3.909774436090226,msnbc
9,2024,"LEADER,16",2,25,665,3.7593984962406015,msnbc
9,2024,"TAX_FNCACT_PRESIDENT,16",3,25,665,3.7593984962406015,msnbc
10,2024,"TAX_FNCACT_PRESIDENT,14",1,26,803,3.23785803237858,msnbc
10,2024,"USPEC_POLITICS_GENERAL1,16",2,25,803,3.1133250311332503,msnbc
10,2024,"TAX_FNCACT_VICE_PRESIDENT,14",3,25,803,3.1133250311332503,msnbc
11,2024,"USPEC_POLITICS_GENERAL1,9",1,9,663,1.3574660633484164,msnbc
11,2024,"USPEC_POLITICS_GENERAL1,14",2,7,663,1.0558069381598794,msnbc
11,2024,"USPEC_POLITICS_GENERAL1,11",3,7,663,1.0558069381598794,msnbc
12,2024,"USPEC_POLITICS_GENERAL1,9",1,19,601,3.1613976705490847,msnbc
12,2024,"LEADER,9",2,18,601,2.995008319467554,msnbc
12,2024,"TAX_FNCACT_PRESIDENT,9",3,17,601,2.828618968386023,msnbc
1,2025,"USPEC_POLITICS_GENERAL1,9",1,50,827,6.045949214026603,msnbc
1,2025,"LEADER,9",2,49,827,5.92503022974607,msnbc
1,2025,"TAX_FNCACT_PRESIDENT,9",3,49,827,5.92503022974607,msnbc
2,2025,"LEADER,9",1,46,633,7.266982622432859,msnbc
2,2025,"TAX_FNCACT_PRESIDENT,9",2,45,633,7.109004739336493,msnbc
2,2025,"USPEC_POLITICS_GENERAL1,9",3,44,633,6.9510268562401265,msnbc
3,2025,"LEADER,9",1,73,812,8.990147783251231,msnbc
3,2025,"USPEC_POLITICS_GENERAL1,9",2,73,812,8.990147783251231,msnbc
3,2025,"TAX_FNCACT_PRESIDENT,9",3,71,812,8.74384236453202,msnbc
4,2025,"LEADER,9",1,3,13,23.076923076923077,msnbc
4,2025,"TAX_FNCACT_PRESIDENT,9",2,3,13,23.076923076923077,msnbc
4,2025,"USPEC_POLITICS_GENERAL1,9",3,3,13,23.076923076923077,msnbc
