month,year,topic,topic_id,rank,count,total_articles,percentage,source
1,2016,offensive benghazi victims / shiite cleric death / trainer autumn calabrese,1,1,805,1000,80.5,fox
1,2016,deadly flu outbreak / lands california / elephants html photo,0,2,5,1000,0.5,fox
1,2017,offensive benghazi victims / shiite cleric death / trainer autumn calabrese,1,1,877,1000,87.7,fox
1,2017,deadly flu outbreak / lands california / elephants html photo,0,2,5,1000,0.5,fox
1,2018,offensive benghazi victims / shiite cleric death / trainer autumn calabrese,1,1,916,1000,91.60000000000001,fox
1,2018,deadly flu outbreak / lands california / elephants html photo,0,2,7,1000,0.7000000000000001,fox
1,2019,offensive benghazi victims / shiite cleric death / trainer autumn calabrese,1,1,756,1000,75.6,fox
1,2019,deadly flu outbreak / lands california / elephants html photo,0,2,11,1000,1.0999999999999999,fox
1,2020,offensive benghazi victims / shiite cleric death / trainer autumn calabrese,1,1,782,1000,78.2,fox
1,2020,deadly flu outbreak / lands california / elephants html photo,0,2,37,1000,3.6999999999999997,fox
1,2021,offensive benghazi victims / shiite cleric death / trainer autumn calabrese,1,1,634,1000,63.4,fox
1,2021,deadly flu outbreak / lands california / elephants html photo,0,2,110,1000,11.0,fox
1,2022,offensive benghazi victims / shiite cleric death / trainer autumn calabrese,1,1,643,1000,64.3,fox
1,2022,deadly flu outbreak / lands california / elephants html photo,0,2,114,1000,11.4,fox
1,2023,offensive benghazi victims / shiite cleric death / trainer autumn calabrese,1,1,759,1000,75.9,fox
1,2023,deadly flu outbreak / lands california / elephants html photo,0,2,26,1000,2.6,fox
1,2024,offensive benghazi victims / shiite cleric death / trainer autumn calabrese,1,1,805,1000,80.5,fox
1,2024,deadly flu outbreak / lands california / elephants html photo,0,2,13,1000,1.3,fox
1,2025,offensive benghazi victims / shiite cleric death / trainer autumn calabrese,1,1,750,1000,75.0,fox
1,2025,deadly flu outbreak / lands california / elephants html photo,0,2,13,1000,1.3,fox
2,2015,improving lady gaga / ash wednesday diet / weds bride hospital,3,1,139,1000,13.900000000000002,fox
2,2015,abuse case detroit / penguins eat fish / capture daredevils stunning,5,2,127,1000,12.7,fox
2,2015,christie jeb bush / ruling obama immigration / unemployment benefits fall,2,3,111,1000,11.1,fox
2,2016,headed syria isis / gunfire rock hotel / 30 patients,6,1,163,1000,16.3,fox
2,2016,abuse case detroit / penguins eat fish / capture daredevils stunning,5,2,157,1000,15.7,fox
2,2016,improving lady gaga / ash wednesday diet / weds bride hospital,3,3,125,1000,12.5,fox
2,2017,christie jeb bush / ruling obama immigration / unemployment benefits fall,2,1,172,1000,17.2,fox
2,2017,abuse case detroit / penguins eat fish / capture daredevils stunning,5,2,128,1000,12.8,fox
2,2017,improving lady gaga / ash wednesday diet / weds bride hospital,3,3,126,1000,12.6,fox
2,2018,abuse case detroit / penguins eat fish / capture daredevils stunning,5,1,205,1000,20.5,fox
2,2018,headed syria isis / gunfire rock hotel / 30 patients,6,2,175,1000,17.5,fox
2,2018,improving lady gaga / ash wednesday diet / weds bride hospital,3,3,103,1000,10.299999999999999,fox
2,2019,abuse case detroit / penguins eat fish / capture daredevils stunning,5,1,150,1000,15.0,fox
2,2019,christie jeb bush / ruling obama immigration / unemployment benefits fall,2,2,132,1000,13.200000000000001,fox
2,2019,improving lady gaga / ash wednesday diet / weds bride hospital,3,3,124,1000,12.4,fox
2,2020,christie jeb bush / ruling obama immigration / unemployment benefits fall,2,1,324,1000,32.4,fox
2,2020,improving lady gaga / ash wednesday diet / weds bride hospital,3,2,147,1000,14.7,fox
2,2020,abuse case detroit / penguins eat fish / capture daredevils stunning,5,3,102,1000,10.2,fox
2,2021,christie jeb bush / ruling obama immigration / unemployment benefits fall,2,1,221,1000,22.1,fox
2,2021,improving lady gaga / ash wednesday diet / weds bride hospital,3,2,116,1000,11.600000000000001,fox
2,2021,ebola quarantine success / deaths record increase / us,0,3,107,1000,10.7,fox
2,2022,christie jeb bush / ruling obama immigration / unemployment benefits fall,2,1,164,1000,16.400000000000002,fox
2,2022,death ukrainian forces / democrats republicans wrong / receive credentials,1,2,156,1000,15.6,fox
2,2022,abuse case detroit / penguins eat fish / capture daredevils stunning,5,3,124,1000,12.4,fox
2,2023,christie jeb bush / ruling obama immigration / unemployment benefits fall,2,1,191,1000,19.1,fox
2,2023,abuse case detroit / penguins eat fish / capture daredevils stunning,5,2,172,1000,17.2,fox
2,2023,improving lady gaga / ash wednesday diet / weds bride hospital,3,3,91,1000,9.1,fox
2,2024,christie jeb bush / ruling obama immigration / unemployment benefits fall,2,1,232,1000,23.200000000000003,fox
2,2024,abuse case detroit / penguins eat fish / capture daredevils stunning,5,2,135,1000,13.5,fox
2,2024,improving lady gaga / ash wednesday diet / weds bride hospital,3,3,95,1000,9.5,fox
2,2025,christie jeb bush / ruling obama immigration / unemployment benefits fall,2,1,247,1000,24.7,fox
2,2025,improving lady gaga / ash wednesday diet / weds bride hospital,3,2,84,1000,8.4,fox
2,2025,abuse case detroit / penguins eat fish / capture daredevils stunning,5,3,76,1000,7.6,fox
3,2015,jailed hair chopping / worse insurgents email / missouri man pleads,5,1,119,1000,11.899999999999999,fox
3,2015,melasma cope skin / lopez gives birth / kathy griffin quits,3,2,107,1000,10.7,fox
3,2015,confront isis / sales qatar enable / generals scores bodies,4,3,72,1000,7.199999999999999,fox
3,2016,confront isis / sales qatar enable / generals scores bodies,4,1,139,1000,13.900000000000002,fox
3,2016,jailed hair chopping / worse insurgents email / missouri man pleads,5,2,129,1000,12.9,fox
3,2016,melasma cope skin / lopez gives birth / kathy griffin quits,3,3,91,1000,9.1,fox
3,2017,jailed hair chopping / worse insurgents email / missouri man pleads,5,1,133,1000,13.3,fox
3,2017,melasma cope skin / lopez gives birth / kathy griffin quits,3,2,106,1000,10.6,fox
3,2017,clinton cpac political / senate rejects proposal / base iowa jeb,2,3,104,1000,10.4,fox
3,2018,jailed hair chopping / worse insurgents email / missouri man pleads,5,1,183,1000,18.3,fox
3,2018,confront isis / sales qatar enable / generals scores bodies,4,2,116,1000,11.600000000000001,fox
3,2018,melasma cope skin / lopez gives birth / kathy griffin quits,3,3,78,1000,7.8,fox
3,2019,jailed hair chopping / worse insurgents email / missouri man pleads,5,1,162,1000,16.2,fox
3,2019,clinton cpac political / senate rejects proposal / base iowa jeb,2,2,137,1000,13.700000000000001,fox
3,2019,melasma cope skin / lopez gives birth / kathy griffin quits,3,3,112,1000,11.200000000000001,fox
3,2020,stop ebola spread / pakistan arrests parents / organ transplants html,0,1,563,1000,56.3,fox
3,2020,clinton cpac political / senate rejects proposal / base iowa jeb,2,2,127,1000,12.7,fox
3,2020,melasma cope skin / lopez gives birth / kathy griffin quits,3,3,53,1000,5.3,fox
3,2021,melasma cope skin / lopez gives birth / kathy griffin quits,3,1,140,1000,14.000000000000002,fox
3,2021,clinton cpac political / senate rejects proposal / base iowa jeb,2,2,135,1000,13.5,fox
3,2021,jailed hair chopping / worse insurgents email / missouri man pleads,5,3,107,1000,10.7,fox
3,2022,arctic ukraine rebels / city councilors ban / scale chemical,1,1,359,1000,35.9,fox
3,2022,clinton cpac political / senate rejects proposal / base iowa jeb,2,2,105,1000,10.5,fox
3,2022,jailed hair chopping / worse insurgents email / missouri man pleads,5,3,71,1000,7.1,fox
3,2023,jailed hair chopping / worse insurgents email / missouri man pleads,5,1,200,1000,20.0,fox
3,2023,clinton cpac political / senate rejects proposal / base iowa jeb,2,2,138,1000,13.8,fox
3,2023,melasma cope skin / lopez gives birth / kathy griffin quits,3,3,71,1000,7.1,fox
3,2024,clinton cpac political / senate rejects proposal / base iowa jeb,2,1,155,1000,15.5,fox
3,2024,jailed hair chopping / worse insurgents email / missouri man pleads,5,2,130,1000,13.0,fox
3,2024,melasma cope skin / lopez gives birth / kathy griffin quits,3,3,102,1000,10.2,fox
3,2025,clinton cpac political / senate rejects proposal / base iowa jeb,2,1,209,1000,20.9,fox
3,2025,melasma cope skin / lopez gives birth / kathy griffin quits,3,2,105,1000,10.5,fox
3,2025,jailed hair chopping / worse insurgents email / missouri man pleads,5,3,85,1000,8.5,fox
4,2015,avril lavigne health / drink teens study / foods avoid want,1,1,142,1000,14.2,fox
4,2015,murder investigation oklahoma / teen passes three / nevada inmate,7,2,88,1000,8.799999999999999,fox
4,2015,clinton running phony / reporters cited excellence / rubio adding name,4,3,88,1000,8.799999999999999,fox
4,2016,group atrocities iraq / airport southern yemen / framework dianne,2,1,138,1000,13.8,fox
4,2016,avril lavigne health / drink teens study / foods avoid want,1,2,132,1000,13.200000000000001,fox
4,2016,murder investigation oklahoma / teen passes three / nevada inmate,7,3,118,1000,11.799999999999999,fox
4,2017,group atrocities iraq / airport southern yemen / framework dianne,2,1,159,1000,15.9,fox
4,2017,murder investigation oklahoma / teen passes three / nevada inmate,7,2,146,1000,14.6,fox
4,2017,avril lavigne health / drink teens study / foods avoid want,1,3,122,1000,12.2,fox
4,2018,murder investigation oklahoma / teen passes three / nevada inmate,7,1,184,1000,18.4,fox
4,2018,avril lavigne health / drink teens study / foods avoid want,1,2,132,1000,13.200000000000001,fox
4,2018,group atrocities iraq / airport southern yemen / framework dianne,2,3,108,1000,10.8,fox
4,2019,clinton running phony / reporters cited excellence / rubio adding name,4,1,124,1000,12.4,fox
4,2019,avril lavigne health / drink teens study / foods avoid want,1,2,118,1000,11.799999999999999,fox
4,2019,murder investigation oklahoma / teen passes three / nevada inmate,7,3,109,1000,10.9,fox
4,2020,ebola chicago / help asthma sufferers / leone schools reopen,0,1,542,1000,54.2,fox
4,2020,clinton running phony / reporters cited excellence / rubio adding name,4,2,114,1000,11.4,fox
4,2020,avril lavigne health / drink teens study / foods avoid want,1,3,83,1000,8.3,fox
4,2021,clinton running phony / reporters cited excellence / rubio adding name,4,1,156,1000,15.6,fox
4,2021,avril lavigne health / drink teens study / foods avoid want,1,2,125,1000,12.5,fox
4,2021,murder investigation oklahoma / teen passes three / nevada inmate,7,3,104,1000,10.4,fox
4,2022,clinton running phony / reporters cited excellence / rubio adding name,4,1,159,1000,15.9,fox
4,2022,fifa block russia / appears repositioning new / nerve attack predicts,3,2,113,1000,11.3,fox
4,2022,murder investigation oklahoma / teen passes three / nevada inmate,7,3,101,1000,10.100000000000001,fox
4,2023,murder investigation oklahoma / teen passes three / nevada inmate,7,1,139,1000,13.900000000000002,fox
4,2023,clinton running phony / reporters cited excellence / rubio adding name,4,2,123,1000,12.3,fox
4,2023,avril lavigne health / drink teens study / foods avoid want,1,3,106,1000,10.6,fox
4,2024,clinton running phony / reporters cited excellence / rubio adding name,4,1,147,1000,14.7,fox
4,2024,avril lavigne health / drink teens study / foods avoid want,1,2,105,1000,10.5,fox
4,2024,murder investigation oklahoma / teen passes three / nevada inmate,7,3,90,1000,9.0,fox
4,2025,clinton running phony / reporters cited excellence / rubio adding name,4,1,16,79,20.253164556962027,fox
4,2025,avril lavigne health / drink teens study / foods avoid want,1,2,8,79,10.126582278481013,fox
4,2025,murder investigation oklahoma / teen passes three / nevada inmate,7,3,5,79,6.329113924050633,fox
5,2015,fatal shooting police / accused giving teen / sabina kicks mexico,2,1,179,1000,17.9,fox
5,2015,linked syria qatar / detained british police / forces thousands homes,1,2,166,1000,16.6,fox
5,2015,pitfalls entrepreneur guide / jobs online / scale one person,3,3,73,1000,7.3,fox
5,2016,fatal shooting police / accused giving teen / sabina kicks mexico,2,1,185,1000,18.5,fox
5,2016,linked syria qatar / detained british police / forces thousands homes,1,2,120,1000,12.0,fox
5,2016,pitfalls entrepreneur guide / jobs online / scale one person,3,3,99,1000,9.9,fox
5,2017,fatal shooting police / accused giving teen / sabina kicks mexico,2,1,212,1000,21.2,fox
5,2017,linked syria qatar / detained british police / forces thousands homes,1,2,175,1000,17.5,fox
5,2017,hire marco rubio / flynt endorses / nsa data,5,3,86,1000,8.6,fox
5,2018,fatal shooting police / accused giving teen / sabina kicks mexico,2,1,232,1000,23.200000000000003,fox
5,2018,linked syria qatar / detained british police / forces thousands homes,1,2,156,1000,15.6,fox
5,2018,hire marco rubio / flynt endorses / nsa data,5,3,62,1000,6.2,fox
5,2019,fatal shooting police / accused giving teen / sabina kicks mexico,2,1,176,1000,17.599999999999998,fox
5,2019,hire marco rubio / flynt endorses / nsa data,5,2,153,1000,15.299999999999999,fox
5,2019,linked syria qatar / detained british police / forces thousands homes,1,3,125,1000,12.5,fox
5,2020,seen vaccine trials / antiseptics purell diagnosis / find source coli,0,1,294,1000,29.4,fox
5,2020,hire marco rubio / flynt endorses / nsa data,5,2,165,1000,16.5,fox
5,2020,nicole smiths daughter / depression relapse lin / guardians ailing bobbi,4,3,83,1000,8.3,fox
5,2021,hire marco rubio / flynt endorses / nsa data,5,1,158,1000,15.8,fox
5,2021,fatal shooting police / accused giving teen / sabina kicks mexico,2,2,155,1000,15.5,fox
5,2021,seen vaccine trials / antiseptics purell diagnosis / find source coli,0,3,100,1000,10.0,fox
5,2022,fatal shooting police / accused giving teen / sabina kicks mexico,2,1,173,1000,17.299999999999997,fox
5,2022,hire marco rubio / flynt endorses / nsa data,5,2,144,1000,14.399999999999999,fox
5,2022,nicole smiths daughter / depression relapse lin / guardians ailing bobbi,4,3,57,1000,5.7,fox
5,2023,fatal shooting police / accused giving teen / sabina kicks mexico,2,1,204,1000,20.4,fox
5,2023,hire marco rubio / flynt endorses / nsa data,5,2,136,1000,13.600000000000001,fox
5,2023,nicole smiths daughter / depression relapse lin / guardians ailing bobbi,4,3,64,1000,6.4,fox
5,2024,linked syria qatar / detained british police / forces thousands homes,1,1,160,1000,16.0,fox
5,2024,hire marco rubio / flynt endorses / nsa data,5,2,137,1000,13.700000000000001,fox
5,2024,fatal shooting police / accused giving teen / sabina kicks mexico,2,3,126,1000,12.6,fox
6,2015,friday 13th actress / 88 bangladesh / withdrawal next imf,1,1,969,1000,96.89999999999999,fox
6,2015,vaccine mandates / bacteria eye stem / cord blood banking,0,2,24,1000,2.4,fox
6,2016,friday 13th actress / 88 bangladesh / withdrawal next imf,1,1,958,1000,95.8,fox
6,2016,vaccine mandates / bacteria eye stem / cord blood banking,0,2,3,1000,0.3,fox
6,2017,friday 13th actress / 88 bangladesh / withdrawal next imf,1,1,999,1000,99.9,fox
6,2017,vaccine mandates / bacteria eye stem / cord blood banking,0,2,1,1000,0.1,fox
6,2018,friday 13th actress / 88 bangladesh / withdrawal next imf,1,1,996,1000,99.6,fox
6,2018,vaccine mandates / bacteria eye stem / cord blood banking,0,2,1,1000,0.1,fox
6,2019,friday 13th actress / 88 bangladesh / withdrawal next imf,1,1,974,1000,97.39999999999999,fox
6,2019,vaccine mandates / bacteria eye stem / cord blood banking,0,2,3,1000,0.3,fox
6,2020,friday 13th actress / 88 bangladesh / withdrawal next imf,1,1,844,1000,84.39999999999999,fox
6,2020,vaccine mandates / bacteria eye stem / cord blood banking,0,2,120,1000,12.0,fox
6,2021,friday 13th actress / 88 bangladesh / withdrawal next imf,1,1,889,1000,88.9,fox
6,2021,vaccine mandates / bacteria eye stem / cord blood banking,0,2,83,1000,8.3,fox
6,2022,friday 13th actress / 88 bangladesh / withdrawal next imf,1,1,956,1000,95.6,fox
6,2022,vaccine mandates / bacteria eye stem / cord blood banking,0,2,19,1000,1.9,fox
6,2023,friday 13th actress / 88 bangladesh / withdrawal next imf,1,1,981,1000,98.1,fox
6,2023,vaccine mandates / bacteria eye stem / cord blood banking,0,2,10,1000,1.0,fox
6,2024,friday 13th actress / 88 bangladesh / withdrawal next imf,1,1,978,1000,97.8,fox
6,2024,vaccine mandates / bacteria eye stem / cord blood banking,0,2,13,1000,1.3,fox
7,2015,law violations japan / clinton emails despite / go tehran thursday,1,1,839,1000,83.89999999999999,fox
7,2015,ebola outbreak congo / us unemployment rate / enforce business shutdowns,0,2,12,1000,1.2,fox
7,2016,law violations japan / clinton emails despite / go tehran thursday,1,1,871,1000,87.1,fox
7,2017,law violations japan / clinton emails despite / go tehran thursday,1,1,953,1000,95.3,fox
7,2017,ebola outbreak congo / us unemployment rate / enforce business shutdowns,0,2,2,1000,0.2,fox
7,2018,law violations japan / clinton emails despite / go tehran thursday,1,1,908,1000,90.8,fox
7,2018,ebola outbreak congo / us unemployment rate / enforce business shutdowns,0,2,2,1000,0.2,fox
7,2019,law violations japan / clinton emails despite / go tehran thursday,1,1,874,1000,87.4,fox
7,2019,ebola outbreak congo / us unemployment rate / enforce business shutdowns,0,2,6,1000,0.6,fox
7,2020,law violations japan / clinton emails despite / go tehran thursday,1,1,668,1000,66.8,fox
7,2020,ebola outbreak congo / us unemployment rate / enforce business shutdowns,0,2,168,1000,16.8,fox
7,2021,law violations japan / clinton emails despite / go tehran thursday,1,1,799,1000,79.9,fox
7,2021,ebola outbreak congo / us unemployment rate / enforce business shutdowns,0,2,105,1000,10.5,fox
7,2022,law violations japan / clinton emails despite / go tehran thursday,1,1,864,1000,86.4,fox
7,2022,ebola outbreak congo / us unemployment rate / enforce business shutdowns,0,2,34,1000,3.4000000000000004,fox
7,2023,law violations japan / clinton emails despite / go tehran thursday,1,1,894,1000,89.4,fox
7,2023,ebola outbreak congo / us unemployment rate / enforce business shutdowns,0,2,8,1000,0.8,fox
7,2024,law violations japan / clinton emails despite / go tehran thursday,1,1,883,1000,88.3,fox
7,2024,ebola outbreak congo / us unemployment rate / enforce business shutdowns,0,2,8,1000,0.8,fox
8,2015,minister stephen harper / chechnya allegedly cheated / welfare rolls ease,1,1,874,1000,87.4,fox
8,2015,afghanistan taliban kabul / feeling demoralized struggling / announces plans weigh,0,2,9,1000,0.8999999999999999,fox
8,2016,minister stephen harper / chechnya allegedly cheated / welfare rolls ease,1,1,900,1000,90.0,fox
8,2016,afghanistan taliban kabul / feeling demoralized struggling / announces plans weigh,0,2,2,1000,0.2,fox
8,2017,minister stephen harper / chechnya allegedly cheated / welfare rolls ease,1,1,971,1000,97.1,fox
8,2017,afghanistan taliban kabul / feeling demoralized struggling / announces plans weigh,0,2,4,1000,0.4,fox
8,2018,minister stephen harper / chechnya allegedly cheated / welfare rolls ease,1,1,945,1000,94.5,fox
8,2019,minister stephen harper / chechnya allegedly cheated / welfare rolls ease,1,1,919,1000,91.9,fox
8,2019,afghanistan taliban kabul / feeling demoralized struggling / announces plans weigh,0,2,4,1000,0.4,fox
8,2020,minister stephen harper / chechnya allegedly cheated / welfare rolls ease,1,1,928,1000,92.80000000000001,fox
8,2020,afghanistan taliban kabul / feeling demoralized struggling / announces plans weigh,0,2,1,1000,0.1,fox
8,2021,minister stephen harper / chechnya allegedly cheated / welfare rolls ease,1,1,696,1000,69.6,fox
8,2021,afghanistan taliban kabul / feeling demoralized struggling / announces plans weigh,0,2,193,1000,19.3,fox
8,2022,minister stephen harper / chechnya allegedly cheated / welfare rolls ease,1,1,870,1000,87.0,fox
8,2022,afghanistan taliban kabul / feeling demoralized struggling / announces plans weigh,0,2,23,1000,2.3,fox
8,2023,minister stephen harper / chechnya allegedly cheated / welfare rolls ease,1,1,922,1000,92.2,fox
8,2023,afghanistan taliban kabul / feeling demoralized struggling / announces plans weigh,0,2,12,1000,1.2,fox
8,2024,minister stephen harper / chechnya allegedly cheated / welfare rolls ease,1,1,908,1000,90.8,fox
8,2024,afghanistan taliban kabul / feeling demoralized struggling / announces plans weigh,0,2,13,1000,1.3,fox
9,2015,judge joe brown / investigate new ebola / shoots anti government,1,1,868,1000,86.8,fox
9,2015,regresado de venezuela / india investiga google / hipoteticos ataques biologicos,0,2,92,1000,9.2,fox
9,2016,judge joe brown / investigate new ebola / shoots anti government,1,1,889,1000,88.9,fox
9,2016,regresado de venezuela / india investiga google / hipoteticos ataques biologicos,0,2,101,1000,10.100000000000001,fox
9,2017,judge joe brown / investigate new ebola / shoots anti government,1,1,988,1000,98.8,fox
9,2017,regresado de venezuela / india investiga google / hipoteticos ataques biologicos,0,2,3,1000,0.3,fox
9,2018,judge joe brown / investigate new ebola / shoots anti government,1,1,983,1000,98.3,fox
9,2018,regresado de venezuela / india investiga google / hipoteticos ataques biologicos,0,2,1,1000,0.1,fox
9,2019,judge joe brown / investigate new ebola / shoots anti government,1,1,993,1000,99.3,fox
9,2019,regresado de venezuela / india investiga google / hipoteticos ataques biologicos,0,2,2,1000,0.2,fox
9,2020,judge joe brown / investigate new ebola / shoots anti government,1,1,994,1000,99.4,fox
9,2020,regresado de venezuela / india investiga google / hipoteticos ataques biologicos,0,2,1,1000,0.1,fox
9,2021,judge joe brown / investigate new ebola / shoots anti government,1,1,997,1000,99.7,fox
9,2022,judge joe brown / investigate new ebola / shoots anti government,1,1,986,1000,98.6,fox
9,2022,regresado de venezuela / india investiga google / hipoteticos ataques biologicos,0,2,1,1000,0.1,fox
9,2023,judge joe brown / investigate new ebola / shoots anti government,1,1,994,1000,99.4,fox
9,2023,regresado de venezuela / india investiga google / hipoteticos ataques biologicos,0,2,1,1000,0.1,fox
9,2024,judge joe brown / investigate new ebola / shoots anti government,1,1,972,1000,97.2,fox
9,2024,regresado de venezuela / india investiga google / hipoteticos ataques biologicos,0,2,15,1000,1.5,fox
10,2015,judgment terror case / male migrants look / needs free elections,1,1,925,1000,92.5,fox
10,2015,california purchase hepatitis / tobacco companies revive / yorks cuomo nursing,0,2,8,1000,0.8,fox
10,2016,judgment terror case / male migrants look / needs free elections,1,1,937,1000,93.7,fox
10,2016,california purchase hepatitis / tobacco companies revive / yorks cuomo nursing,0,2,3,1000,0.3,fox
10,2017,judgment terror case / male migrants look / needs free elections,1,1,926,1000,92.60000000000001,fox
10,2017,california purchase hepatitis / tobacco companies revive / yorks cuomo nursing,0,2,3,1000,0.3,fox
10,2018,judgment terror case / male migrants look / needs free elections,1,1,919,1000,91.9,fox
10,2018,california purchase hepatitis / tobacco companies revive / yorks cuomo nursing,0,2,3,1000,0.3,fox
10,2019,judgment terror case / male migrants look / needs free elections,1,1,929,1000,92.9,fox
10,2019,california purchase hepatitis / tobacco companies revive / yorks cuomo nursing,0,2,6,1000,0.6,fox
10,2020,judgment terror case / male migrants look / needs free elections,1,1,761,1000,76.1,fox
10,2020,california purchase hepatitis / tobacco companies revive / yorks cuomo nursing,0,2,156,1000,15.6,fox
10,2021,judgment terror case / male migrants look / needs free elections,1,1,812,1000,81.2,fox
10,2021,california purchase hepatitis / tobacco companies revive / yorks cuomo nursing,0,2,70,1000,7.000000000000001,fox
10,2022,judgment terror case / male migrants look / needs free elections,1,1,897,1000,89.7,fox
10,2022,california purchase hepatitis / tobacco companies revive / yorks cuomo nursing,0,2,22,1000,2.1999999999999997,fox
10,2023,judgment terror case / male migrants look / needs free elections,1,1,935,1000,93.5,fox
10,2023,california purchase hepatitis / tobacco companies revive / yorks cuomo nursing,0,2,8,1000,0.8,fox
10,2024,judgment terror case / male migrants look / needs free elections,1,1,948,1000,94.8,fox
10,2024,california purchase hepatitis / tobacco companies revive / yorks cuomo nursing,0,2,4,1000,0.4,fox
11,2015,smuggling refugees / kabul casualties president / court maldives revokes,3,1,134,1000,13.4,fox
11,2015,policias de bolivia / armero deaths foretold / sued piracy,0,2,99,1000,9.9,fox
11,2015,suspect killed california / autopsies begin / profiling chief,4,3,86,1000,8.6,fox
11,2016,obama presidency jeb / debt nearly doubles / protect classified info,2,1,147,1000,14.7,fox
11,2016,policias de bolivia / armero deaths foretold / sued piracy,0,2,128,1000,12.8,fox
11,2016,smuggling refugees / kabul casualties president / court maldives revokes,3,3,125,1000,12.5,fox
11,2017,suspect killed california / autopsies begin / profiling chief,4,1,189,1000,18.9,fox
11,2017,smuggling refugees / kabul casualties president / court maldives revokes,3,2,141,1000,14.099999999999998,fox
11,2017,obama presidency jeb / debt nearly doubles / protect classified info,2,3,54,1000,5.4,fox
11,2018,obama presidency jeb / debt nearly doubles / protect classified info,2,1,176,1000,17.599999999999998,fox
11,2018,suspect killed california / autopsies begin / profiling chief,4,2,149,1000,14.899999999999999,fox
11,2018,smuggling refugees / kabul casualties president / court maldives revokes,3,3,67,1000,6.7,fox
11,2019,obama presidency jeb / debt nearly doubles / protect classified info,2,1,213,1000,21.3,fox
11,2019,leah remini dont / magicians take stage / two weeks gisele,5,2,126,1000,12.6,fox
11,2019,suspect killed california / autopsies begin / profiling chief,4,3,123,1000,12.3,fox
11,2020,obama presidency jeb / debt nearly doubles / protect classified info,2,1,333,1000,33.300000000000004,fox
11,2020,chipotle coli outbreak / living atm keypads / africa tackles human,1,2,143,1000,14.299999999999999,fox
11,2020,suspect killed california / autopsies begin / profiling chief,4,3,71,1000,7.1,fox
11,2021,obama presidency jeb / debt nearly doubles / protect classified info,2,1,197,1000,19.7,fox
11,2021,suspect killed california / autopsies begin / profiling chief,4,2,95,1000,9.5,fox
11,2021,chipotle coli outbreak / living atm keypads / africa tackles human,1,3,82,1000,8.200000000000001,fox
11,2022,obama presidency jeb / debt nearly doubles / protect classified info,2,1,256,1000,25.6,fox
11,2022,suspect killed california / autopsies begin / profiling chief,4,2,165,1000,16.5,fox
11,2022,leah remini dont / magicians take stage / two weeks gisele,5,3,64,1000,6.4,fox
11,2023,obama presidency jeb / debt nearly doubles / protect classified info,2,1,154,1000,15.4,fox
11,2023,suspect killed california / autopsies begin / profiling chief,4,2,150,1000,15.0,fox
11,2023,leah remini dont / magicians take stage / two weeks gisele,5,3,62,1000,6.2,fox
11,2024,obama presidency jeb / debt nearly doubles / protect classified info,2,1,406,1000,40.6,fox
11,2024,suspect killed california / autopsies begin / profiling chief,4,2,78,1000,7.8,fox
11,2024,leah remini dont / magicians take stage / two weeks gisele,5,3,65,1000,6.5,fox
12,2015,colombian navy rescues / 200 drug maker / increase court issues,1,1,836,1000,83.6,fox
12,2015,zika threats cdc / siegel prevent needless / mariah carey,0,2,6,1000,0.6,fox
12,2016,colombian navy rescues / 200 drug maker / increase court issues,1,1,913,1000,91.3,fox
12,2016,zika threats cdc / siegel prevent needless / mariah carey,0,2,10,1000,1.0,fox
12,2017,colombian navy rescues / 200 drug maker / increase court issues,1,1,939,1000,93.89999999999999,fox
12,2018,colombian navy rescues / 200 drug maker / increase court issues,1,1,893,1000,89.3,fox
12,2018,zika threats cdc / siegel prevent needless / mariah carey,0,2,6,1000,0.6,fox
12,2019,colombian navy rescues / 200 drug maker / increase court issues,1,1,910,1000,91.0,fox
12,2019,zika threats cdc / siegel prevent needless / mariah carey,0,2,4,1000,0.4,fox
12,2020,colombian navy rescues / 200 drug maker / increase court issues,1,1,702,1000,70.19999999999999,fox
12,2020,zika threats cdc / siegel prevent needless / mariah carey,0,2,202,1000,20.200000000000003,fox
12,2021,colombian navy rescues / 200 drug maker / increase court issues,1,1,732,1000,73.2,fox
12,2021,zika threats cdc / siegel prevent needless / mariah carey,0,2,142,1000,14.2,fox
12,2022,colombian navy rescues / 200 drug maker / increase court issues,1,1,857,1000,85.7,fox
12,2022,zika threats cdc / siegel prevent needless / mariah carey,0,2,21,1000,2.1,fox
12,2023,colombian navy rescues / 200 drug maker / increase court issues,1,1,871,1000,87.1,fox
12,2023,zika threats cdc / siegel prevent needless / mariah carey,0,2,8,1000,0.8,fox
12,2024,colombian navy rescues / 200 drug maker / increase court issues,1,1,831,1000,83.1,fox
12,2024,zika threats cdc / siegel prevent needless / mariah carey,0,2,8,1000,0.8,fox
1,2016,cops death 36092605 / suffocating son couch / cosbys wife denied,5,1,265,1000,26.5,abc
1,2016,isis algerian / feds thwart / rail strike reforms,0,2,134,1000,13.4,abc
1,2016,bieber hailey baldwin / movingly fatherhood changed / lawn ladys grassy,3,3,83,1000,8.3,abc
1,2017,cops death 36092605 / suffocating son couch / cosbys wife denied,5,1,327,1000,32.7,abc
1,2017,isis algerian / feds thwart / rail strike reforms,0,2,143,1000,14.299999999999999,abc
1,2017,ford csx / download ny payphones / jobs jobless rate,2,3,58,1000,5.800000000000001,abc
1,2018,cops death 36092605 / suffocating son couch / cosbys wife denied,5,1,254,1000,25.4,abc
1,2018,isis algerian / feds thwart / rail strike reforms,0,2,156,1000,15.6,abc
1,2018,bieber hailey baldwin / movingly fatherhood changed / lawn ladys grassy,3,3,54,1000,5.4,abc
1,2019,cops death 36092605 / suffocating son couch / cosbys wife denied,5,1,219,1000,21.9,abc
1,2019,isis algerian / feds thwart / rail strike reforms,0,2,166,1000,16.6,abc
1,2019,bieber hailey baldwin / movingly fatherhood changed / lawn ladys grassy,3,3,58,1000,5.800000000000001,abc
1,2020,cops death 36092605 / suffocating son couch / cosbys wife denied,5,1,222,1000,22.2,abc
1,2020,isis algerian / feds thwart / rail strike reforms,0,2,159,1000,15.9,abc
1,2020,bieber hailey baldwin / movingly fatherhood changed / lawn ladys grassy,3,3,85,1000,8.5,abc
1,2021,cops death 36092605 / suffocating son couch / cosbys wife denied,5,1,198,1000,19.8,abc
1,2021,countries zika outbreaks / counter chinese assertiveness / united american offering,1,2,189,1000,18.9,abc
1,2021,isis algerian / feds thwart / rail strike reforms,0,3,132,1000,13.200000000000001,abc
1,2022,isis algerian / feds thwart / rail strike reforms,0,1,186,1000,18.6,abc
1,2022,cops death 36092605 / suffocating son couch / cosbys wife denied,5,2,183,1000,18.3,abc
1,2022,countries zika outbreaks / counter chinese assertiveness / united american offering,1,3,115,1000,11.5,abc
1,2023,cops death 36092605 / suffocating son couch / cosbys wife denied,5,1,221,1000,22.1,abc
1,2023,isis algerian / feds thwart / rail strike reforms,0,2,193,1000,19.3,abc
1,2023,bieber hailey baldwin / movingly fatherhood changed / lawn ladys grassy,3,3,76,1000,7.6,abc
1,2024,cops death 36092605 / suffocating son couch / cosbys wife denied,5,1,318,1000,31.8,abc
1,2024,isis algerian / feds thwart / rail strike reforms,0,2,146,1000,14.6,abc
1,2024,bieber hailey baldwin / movingly fatherhood changed / lawn ladys grassy,3,3,70,1000,7.000000000000001,abc
1,2025,cops death 36092605 / suffocating son couch / cosbys wife denied,5,1,277,1000,27.700000000000003,abc
1,2025,isis algerian / feds thwart / rail strike reforms,0,2,118,1000,11.799999999999999,abc
1,2025,bieber hailey baldwin / movingly fatherhood changed / lawn ladys grassy,3,3,69,1000,6.9,abc
2,2015,american sniper murder / ease gender switch / minaj tour members,1,1,311,1000,31.1,abc
2,2015,bronies brooklyn ponycon / oscars 2014 results / show 29122196 spirit,3,2,102,1000,10.2,abc
2,2015,president obama isis / socialist rebellion puts / swedish journalist released,5,3,55,1000,5.5,abc
2,2016,american sniper murder / ease gender switch / minaj tour members,1,1,354,1000,35.4,abc
2,2016,bronies brooklyn ponycon / oscars 2014 results / show 29122196 spirit,3,2,81,1000,8.1,abc
2,2016,president obama isis / socialist rebellion puts / swedish journalist released,5,3,48,1000,4.8,abc
2,2017,american sniper murder / ease gender switch / minaj tour members,1,1,326,1000,32.6,abc
2,2017,bronies brooklyn ponycon / oscars 2014 results / show 29122196 spirit,3,2,91,1000,9.1,abc
2,2017,president obama isis / socialist rebellion puts / swedish journalist released,5,3,56,1000,5.6000000000000005,abc
2,2018,american sniper murder / ease gender switch / minaj tour members,1,1,333,1000,33.300000000000004,abc
2,2018,bronies brooklyn ponycon / oscars 2014 results / show 29122196 spirit,3,2,55,1000,5.5,abc
2,2018,president obama isis / socialist rebellion puts / swedish journalist released,5,3,40,1000,4.0,abc
2,2019,american sniper murder / ease gender switch / minaj tour members,1,1,238,909,26.182618261826185,abc
2,2019,bronies brooklyn ponycon / oscars 2014 results / show 29122196 spirit,3,2,85,909,9.350935093509351,abc
2,2019,president obama isis / socialist rebellion puts / swedish journalist released,5,3,36,909,3.9603960396039604,abc
2,2020,american sniper murder / ease gender switch / minaj tour members,1,1,328,1000,32.800000000000004,abc
2,2020,superbug outbreak california / chinas survey / declares emergency mosquito,0,2,115,1000,11.5,abc
2,2020,bronies brooklyn ponycon / oscars 2014 results / show 29122196 spirit,3,3,87,1000,8.7,abc
2,2021,american sniper murder / ease gender switch / minaj tour members,1,1,260,1000,26.0,abc
2,2021,superbug outbreak california / chinas survey / declares emergency mosquito,0,2,145,1000,14.499999999999998,abc
2,2021,bronies brooklyn ponycon / oscars 2014 results / show 29122196 spirit,3,3,69,1000,6.9,abc
2,2022,american sniper murder / ease gender switch / minaj tour members,1,1,289,1000,28.9,abc
2,2022,superbug outbreak california / chinas survey / declares emergency mosquito,0,2,84,1000,8.4,abc
2,2022,sanctions ukraine / french officials meet / save faltering,4,3,78,1000,7.8,abc
2,2023,american sniper murder / ease gender switch / minaj tour members,1,1,262,1000,26.200000000000003,abc
2,2023,bronies brooklyn ponycon / oscars 2014 results / show 29122196 spirit,3,2,75,1000,7.5,abc
2,2023,sanctions ukraine / french officials meet / save faltering,4,3,72,1000,7.199999999999999,abc
2,2024,american sniper murder / ease gender switch / minaj tour members,1,1,368,1000,36.8,abc
2,2024,bronies brooklyn ponycon / oscars 2014 results / show 29122196 spirit,3,2,65,1000,6.5,abc
2,2024,sanctions ukraine / french officials meet / save faltering,4,3,37,1000,3.6999999999999997,abc
2,2025,american sniper murder / ease gender switch / minaj tour members,1,1,283,1000,28.299999999999997,abc
2,2025,bronies brooklyn ponycon / oscars 2014 results / show 29122196 spirit,3,2,80,1000,8.0,abc
2,2025,sanctions ukraine / french officials meet / save faltering,4,3,47,1000,4.7,abc
3,2015,seeks death suspect / malaysia plane / winter storms spread,2,1,302,1000,30.2,abc
3,2015,ringling bros circuses / music hitmaker toby / kerrigan tonya,5,2,78,1000,7.8,abc
3,2015,omalley points financial / prepares 3500 mile / shrug,6,3,38,1000,3.8,abc
3,2016,seeks death suspect / malaysia plane / winter storms spread,2,1,359,1000,35.9,abc
3,2016,ringling bros circuses / music hitmaker toby / kerrigan tonya,5,2,65,1000,6.5,abc
3,2016,night live isis / military kills 500 / amnesty demands equatorial,4,3,30,1000,3.0,abc
3,2017,seeks death suspect / malaysia plane / winter storms spread,2,1,301,1000,30.099999999999998,abc
3,2017,ringling bros circuses / music hitmaker toby / kerrigan tonya,5,2,72,1000,7.199999999999999,abc
3,2017,rockers compete eurovision / revolution 20 years / berlin opens russia,3,3,42,1000,4.2,abc
3,2018,seeks death suspect / malaysia plane / winter storms spread,2,1,322,1000,32.2,abc
3,2018,ringling bros circuses / music hitmaker toby / kerrigan tonya,5,2,55,1000,5.5,abc
3,2018,rockers compete eurovision / revolution 20 years / berlin opens russia,3,3,45,1000,4.5,abc
3,2019,seeks death suspect / malaysia plane / winter storms spread,2,1,351,1000,35.099999999999994,abc
3,2019,ringling bros circuses / music hitmaker toby / kerrigan tonya,5,2,60,1000,6.0,abc
3,2019,rockers compete eurovision / revolution 20 years / berlin opens russia,3,3,26,1000,2.6,abc
3,2020,emergency ebola / gmo mosquito test / 29868478 audit maryland,0,1,338,1000,33.800000000000004,abc
3,2020,seeks death suspect / malaysia plane / winter storms spread,2,2,147,1000,14.7,abc
3,2020,ringling bros circuses / music hitmaker toby / kerrigan tonya,5,3,56,1000,5.6000000000000005,abc
3,2021,seeks death suspect / malaysia plane / winter storms spread,2,1,231,1000,23.1,abc
3,2021,emergency ebola / gmo mosquito test / 29868478 audit maryland,0,2,144,1000,14.399999999999999,abc
3,2021,ringling bros circuses / music hitmaker toby / kerrigan tonya,5,3,72,1000,7.199999999999999,abc
3,2022,seeks death suspect / malaysia plane / winter storms spread,2,1,249,1000,24.9,abc
3,2022,rockers compete eurovision / revolution 20 years / berlin opens russia,3,2,170,1000,17.0,abc
3,2022,ringling bros circuses / music hitmaker toby / kerrigan tonya,5,3,65,1000,6.5,abc
3,2023,seeks death suspect / malaysia plane / winter storms spread,2,1,320,1000,32.0,abc
3,2023,ringling bros circuses / music hitmaker toby / kerrigan tonya,5,2,75,1000,7.5,abc
3,2023,rockers compete eurovision / revolution 20 years / berlin opens russia,3,3,65,1000,6.5,abc
3,2024,seeks death suspect / malaysia plane / winter storms spread,2,1,387,1000,38.7,abc
3,2024,ringling bros circuses / music hitmaker toby / kerrigan tonya,5,2,68,1000,6.800000000000001,abc
3,2024,rockers compete eurovision / revolution 20 years / berlin opens russia,3,3,49,1000,4.9,abc
3,2025,seeks death suspect / malaysia plane / winter storms spread,2,1,270,1000,27.0,abc
3,2025,ringling bros circuses / music hitmaker toby / kerrigan tonya,5,2,89,1000,8.9,abc
3,2025,rockers compete eurovision / revolution 20 years / berlin opens russia,3,3,44,1000,4.3999999999999995,abc
4,2015,police 30090540 deaths / settled elite nyc / filed divorce prison,6,1,261,1000,26.1,abc
4,2015,lucy lawless bewitching / survey vegas tourists / lyrics sell 12,4,2,81,1000,8.1,abc
4,2015,citizens headed syria / police alert stabbing / buffs civil war,2,3,76,1000,7.6,abc
4,2016,police 30090540 deaths / settled elite nyc / filed divorce prison,6,1,297,1000,29.7,abc
4,2016,citizens headed syria / police alert stabbing / buffs civil war,2,2,85,1000,8.5,abc
4,2016,lucy lawless bewitching / survey vegas tourists / lyrics sell 12,4,3,85,1000,8.5,abc
4,2017,police 30090540 deaths / settled elite nyc / filed divorce prison,6,1,251,1000,25.1,abc
4,2017,citizens headed syria / police alert stabbing / buffs civil war,2,2,102,1000,10.2,abc
4,2017,lucy lawless bewitching / survey vegas tourists / lyrics sell 12,4,3,82,1000,8.200000000000001,abc
4,2018,police 30090540 deaths / settled elite nyc / filed divorce prison,6,1,281,1000,28.1,abc
4,2018,lucy lawless bewitching / survey vegas tourists / lyrics sell 12,4,2,72,1000,7.199999999999999,abc
4,2018,citizens headed syria / police alert stabbing / buffs civil war,2,3,72,1000,7.199999999999999,abc
4,2019,police 30090540 deaths / settled elite nyc / filed divorce prison,6,1,281,1000,28.1,abc
4,2019,citizens headed syria / police alert stabbing / buffs civil war,2,2,73,1000,7.3,abc
4,2019,lucy lawless bewitching / survey vegas tourists / lyrics sell 12,4,3,55,1000,5.5,abc
4,2020,ebola worry / blue bell listeria / california lawmakers face,0,1,353,1000,35.3,abc
4,2020,police 30090540 deaths / settled elite nyc / filed divorce prison,6,2,125,1000,12.5,abc
4,2020,lucy lawless bewitching / survey vegas tourists / lyrics sell 12,4,3,74,1000,7.3999999999999995,abc
4,2021,police 30090540 deaths / settled elite nyc / filed divorce prison,6,1,219,1000,21.9,abc
4,2021,ebola worry / blue bell listeria / california lawmakers face,0,2,117,1000,11.700000000000001,abc
4,2021,lucy lawless bewitching / survey vegas tourists / lyrics sell 12,4,3,83,1000,8.3,abc
4,2022,police 30090540 deaths / settled elite nyc / filed divorce prison,6,1,225,1000,22.5,abc
4,2022,citizens headed syria / police alert stabbing / buffs civil war,2,2,127,1000,12.7,abc
4,2022,lucy lawless bewitching / survey vegas tourists / lyrics sell 12,4,3,62,1000,6.2,abc
4,2023,police 30090540 deaths / settled elite nyc / filed divorce prison,6,1,318,1000,31.8,abc
4,2023,lucy lawless bewitching / survey vegas tourists / lyrics sell 12,4,2,88,1000,8.799999999999999,abc
4,2023,citizens headed syria / police alert stabbing / buffs civil war,2,3,78,1000,7.8,abc
4,2024,police 30090540 deaths / settled elite nyc / filed divorce prison,6,1,314,1000,31.4,abc
4,2024,citizens headed syria / police alert stabbing / buffs civil war,2,2,84,1000,8.4,abc
4,2024,lucy lawless bewitching / survey vegas tourists / lyrics sell 12,4,3,58,1000,5.800000000000001,abc
4,2025,police 30090540 deaths / settled elite nyc / filed divorce prison,6,1,21,64,32.8125,abc
4,2025,lucy lawless bewitching / survey vegas tourists / lyrics sell 12,4,2,6,64,9.375,abc
4,2025,venezuela hugo chavez / arrest gulf / dropped cancer fears,1,3,3,64,4.6875,abc
5,2015,obama chooses chicago / federal police probe / early casualty rising,1,1,282,1000,28.199999999999996,abc
5,2015,turkish protesters / deaths caused raid / validates presidents term,0,2,169,1000,16.900000000000002,abc
5,2015,britney spears injures / homeless youth / urges conjoined twins,6,3,74,1000,7.3999999999999995,abc
5,2016,obama chooses chicago / federal police probe / early casualty rising,1,1,313,1000,31.3,abc
5,2016,turkish protesters / deaths caused raid / validates presidents term,0,2,143,1000,14.299999999999999,abc
5,2016,britney spears injures / homeless youth / urges conjoined twins,6,3,89,1000,8.9,abc
5,2017,obama chooses chicago / federal police probe / early casualty rising,1,1,311,1000,31.1,abc
5,2017,turkish protesters / deaths caused raid / validates presidents term,0,2,177,1000,17.7,abc
5,2017,britney spears injures / homeless youth / urges conjoined twins,6,3,79,1000,7.9,abc
5,2018,obama chooses chicago / federal police probe / early casualty rising,1,1,303,1000,30.3,abc
5,2018,turkish protesters / deaths caused raid / validates presidents term,0,2,147,1000,14.7,abc
5,2018,britney spears injures / homeless youth / urges conjoined twins,6,3,93,1000,9.3,abc
5,2019,obama chooses chicago / federal police probe / early casualty rising,1,1,327,1000,32.7,abc
5,2019,turkish protesters / deaths caused raid / validates presidents term,0,2,166,1000,16.6,abc
5,2019,britney spears injures / homeless youth / urges conjoined twins,6,3,55,1000,5.5,abc
5,2020,congos ebola outbreak / virginia couple testifies / pray outdoors,3,1,248,1000,24.8,abc
5,2020,obama chooses chicago / federal police probe / early casualty rising,1,2,174,1000,17.4,abc
5,2020,turkish protesters / deaths caused raid / validates presidents term,0,3,96,1000,9.6,abc
5,2021,obama chooses chicago / federal police probe / early casualty rising,1,1,251,1000,25.1,abc
5,2021,turkish protesters / deaths caused raid / validates presidents term,0,2,170,1000,17.0,abc
5,2021,congos ebola outbreak / virginia couple testifies / pray outdoors,3,3,98,1000,9.8,abc
5,2022,obama chooses chicago / federal police probe / early casualty rising,1,1,292,1000,29.2,abc
5,2022,turkish protesters / deaths caused raid / validates presidents term,0,2,198,1000,19.8,abc
5,2022,britney spears injures / homeless youth / urges conjoined twins,6,3,62,1000,6.2,abc
5,2023,obama chooses chicago / federal police probe / early casualty rising,1,1,310,1000,31.0,abc
5,2023,turkish protesters / deaths caused raid / validates presidents term,0,2,158,1000,15.8,abc
5,2023,britney spears injures / homeless youth / urges conjoined twins,6,3,66,1000,6.6000000000000005,abc
5,2024,obama chooses chicago / federal police probe / early casualty rising,1,1,340,1000,34.0,abc
5,2024,turkish protesters / deaths caused raid / validates presidents term,0,2,128,1000,12.8,abc
5,2024,britney spears injures / homeless youth / urges conjoined twins,6,3,58,1000,5.800000000000001,abc
6,2015,birkin sets auction / 31447785 wal / list ariana grande,1,1,141,1000,14.099999999999998,abc
6,2015,atlanta police search / wva teen killed / 31642407 hastert enters,5,2,137,1000,13.700000000000001,abc
6,2015,austrian newspaper / attack northeastern syrian / angola inmates waits,0,3,135,1000,13.5,abc
6,2016,birkin sets auction / 31447785 wal / list ariana grande,1,1,147,1000,14.7,abc
6,2016,atlanta police search / wva teen killed / 31642407 hastert enters,5,2,140,1000,14.000000000000002,abc
6,2016,austrian newspaper / attack northeastern syrian / angola inmates waits,0,3,106,1000,10.6,abc
6,2017,austrian newspaper / attack northeastern syrian / angola inmates waits,0,1,151,1000,15.1,abc
6,2017,atlanta police search / wva teen killed / 31642407 hastert enters,5,2,149,1000,14.899999999999999,abc
6,2017,birkin sets auction / 31447785 wal / list ariana grande,1,3,105,1000,10.5,abc
6,2018,austrian newspaper / attack northeastern syrian / angola inmates waits,0,1,168,1000,16.8,abc
6,2018,birkin sets auction / 31447785 wal / list ariana grande,1,2,134,1000,13.4,abc
6,2018,atlanta police search / wva teen killed / 31642407 hastert enters,5,3,121,1000,12.1,abc
6,2019,atlanta police search / wva teen killed / 31642407 hastert enters,5,1,182,1000,18.2,abc
6,2019,austrian newspaper / attack northeastern syrian / angola inmates waits,0,2,125,1000,12.5,abc
6,2019,birkin sets auction / 31447785 wal / list ariana grande,1,3,109,1000,10.9,abc
6,2020,china bans / end ebola / displays set panda,2,1,158,1000,15.8,abc
6,2020,birkin sets auction / 31447785 wal / list ariana grande,1,2,124,1000,12.4,abc
6,2020,austrian newspaper / attack northeastern syrian / angola inmates waits,0,3,102,1000,10.2,abc
6,2021,atlanta police search / wva teen killed / 31642407 hastert enters,5,1,127,1000,12.7,abc
6,2021,austrian newspaper / attack northeastern syrian / angola inmates waits,0,2,123,1000,12.3,abc
6,2021,birkin sets auction / 31447785 wal / list ariana grande,1,3,115,1000,11.5,abc
6,2022,austrian newspaper / attack northeastern syrian / angola inmates waits,0,1,170,1000,17.0,abc
6,2022,birkin sets auction / 31447785 wal / list ariana grande,1,2,130,1000,13.0,abc
6,2022,atlanta police search / wva teen killed / 31642407 hastert enters,5,3,130,1000,13.0,abc
6,2023,austrian newspaper / attack northeastern syrian / angola inmates waits,0,1,130,1000,13.0,abc
6,2023,atlanta police search / wva teen killed / 31642407 hastert enters,5,2,122,1000,12.2,abc
6,2023,birkin sets auction / 31447785 wal / list ariana grande,1,3,107,1000,10.7,abc
6,2024,austrian newspaper / attack northeastern syrian / angola inmates waits,0,1,139,1000,13.900000000000002,abc
6,2024,birkin sets auction / 31447785 wal / list ariana grande,1,2,125,1000,12.5,abc
6,2024,atlanta police search / wva teen killed / 31642407 hastert enters,5,3,115,1000,11.5,abc
7,2015,gun fatal san / family reflects dozens / motel 32170100,7,1,152,1000,15.2,abc
7,2015,terror attack tunisia / president draft laws / civic groups raises,0,2,117,1000,11.700000000000001,abc
7,2015,wildfires spreads us / missed wreckage flight / set stats,5,3,68,1000,6.800000000000001,abc
7,2016,gun fatal san / family reflects dozens / motel 32170100,7,1,137,1000,13.700000000000001,abc
7,2016,terror attack tunisia / president draft laws / civic groups raises,0,2,106,1000,10.6,abc
7,2016,2016 republican presidential / gathering san diego / house things wisconsins,6,3,87,1000,8.7,abc
7,2017,terror attack tunisia / president draft laws / civic groups raises,0,1,119,1000,11.899999999999999,abc
7,2017,gun fatal san / family reflects dozens / motel 32170100,7,2,116,1000,11.600000000000001,abc
7,2017,wildfires spreads us / missed wreckage flight / set stats,5,3,54,1000,5.4,abc
7,2018,terror attack tunisia / president draft laws / civic groups raises,0,1,139,1000,13.900000000000002,abc
7,2018,gun fatal san / family reflects dozens / motel 32170100,7,2,126,1000,12.6,abc
7,2018,congress taylor swift / batman storylines melrose / extends south park,4,3,77,1000,7.7,abc
7,2019,gun fatal san / family reflects dozens / motel 32170100,7,1,163,1000,16.3,abc
7,2019,terror attack tunisia / president draft laws / civic groups raises,0,2,104,1000,10.4,abc
7,2019,congress taylor swift / batman storylines melrose / extends south park,4,3,66,1000,6.6000000000000005,abc
7,2020,us measles outbreak / linked rare congo / choosing patient capital,1,1,142,1000,14.2,abc
7,2020,gun fatal san / family reflects dozens / motel 32170100,7,2,119,1000,11.899999999999999,abc
7,2020,terror attack tunisia / president draft laws / civic groups raises,0,3,104,1000,10.4,abc
7,2021,us measles outbreak / linked rare congo / choosing patient capital,1,1,116,1000,11.600000000000001,abc
7,2021,gun fatal san / family reflects dozens / motel 32170100,7,2,107,1000,10.7,abc
7,2021,terror attack tunisia / president draft laws / civic groups raises,0,3,103,1000,10.299999999999999,abc
7,2022,gun fatal san / family reflects dozens / motel 32170100,7,1,156,1000,15.6,abc
7,2022,terror attack tunisia / president draft laws / civic groups raises,0,2,121,1000,12.1,abc
7,2022,wildfires spreads us / missed wreckage flight / set stats,5,3,46,1000,4.6,abc
7,2023,gun fatal san / family reflects dozens / motel 32170100,7,1,150,1000,15.0,abc
7,2023,terror attack tunisia / president draft laws / civic groups raises,0,2,97,1000,9.700000000000001,abc
7,2023,wildfires spreads us / missed wreckage flight / set stats,5,3,61,1000,6.1,abc
7,2024,2016 republican presidential / gathering san diego / house things wisconsins,6,1,139,1000,13.900000000000002,abc
7,2024,gun fatal san / family reflects dozens / motel 32170100,7,2,96,1000,9.6,abc
7,2024,terror attack tunisia / president draft laws / civic groups raises,0,3,91,1000,9.1,abc
8,2015,jason industries / outreach weigh iran / answers missing,0,1,879,1000,87.9,abc
8,2015,military parade china / stocks open higher / drops atomic,1,2,47,1000,4.7,abc
8,2016,jason industries / outreach weigh iran / answers missing,0,1,891,1000,89.1,abc
8,2016,military parade china / stocks open higher / drops atomic,1,2,34,1000,3.4000000000000004,abc
8,2017,jason industries / outreach weigh iran / answers missing,0,1,871,1000,87.1,abc
8,2017,military parade china / stocks open higher / drops atomic,1,2,49,1000,4.9,abc
8,2018,jason industries / outreach weigh iran / answers missing,0,1,882,1000,88.2,abc
8,2018,military parade china / stocks open higher / drops atomic,1,2,41,1000,4.1000000000000005,abc
8,2019,jason industries / outreach weigh iran / answers missing,0,1,858,1000,85.8,abc
8,2019,military parade china / stocks open higher / drops atomic,1,2,47,1000,4.7,abc
8,2020,jason industries / outreach weigh iran / answers missing,0,1,890,1000,89.0,abc
8,2020,military parade china / stocks open higher / drops atomic,1,2,44,1000,4.3999999999999995,abc
8,2021,jason industries / outreach weigh iran / answers missing,0,1,811,1000,81.10000000000001,abc
8,2021,military parade china / stocks open higher / drops atomic,1,2,46,1000,4.6,abc
8,2022,jason industries / outreach weigh iran / answers missing,0,1,906,1000,90.60000000000001,abc
8,2022,military parade china / stocks open higher / drops atomic,1,2,46,1000,4.6,abc
8,2023,jason industries / outreach weigh iran / answers missing,0,1,897,1000,89.7,abc
8,2023,military parade china / stocks open higher / drops atomic,1,2,38,1000,3.8,abc
8,2024,jason industries / outreach weigh iran / answers missing,0,1,910,1000,91.0,abc
8,2024,military parade china / stocks open higher / drops atomic,1,2,30,1000,3.0,abc
9,2015,missouri man robs / extremists overrun / indian villages,1,1,862,1000,86.2,abc
9,2015,mosquitoes zika miami / begins mass testing / illinois 33641702 us,0,2,3,1000,0.3,abc
9,2016,missouri man robs / extremists overrun / indian villages,1,1,883,1000,88.3,abc
9,2016,mosquitoes zika miami / begins mass testing / illinois 33641702 us,0,2,10,1000,1.0,abc
9,2017,missouri man robs / extremists overrun / indian villages,1,1,881,1000,88.1,abc
9,2017,mosquitoes zika miami / begins mass testing / illinois 33641702 us,0,2,1,1000,0.1,abc
9,2018,missouri man robs / extremists overrun / indian villages,1,1,849,1000,84.89999999999999,abc
9,2018,mosquitoes zika miami / begins mass testing / illinois 33641702 us,0,2,8,1000,0.8,abc
9,2019,missouri man robs / extremists overrun / indian villages,1,1,852,1000,85.2,abc
9,2019,mosquitoes zika miami / begins mass testing / illinois 33641702 us,0,2,10,1000,1.0,abc
9,2020,missouri man robs / extremists overrun / indian villages,1,1,764,1000,76.4,abc
9,2020,mosquitoes zika miami / begins mass testing / illinois 33641702 us,0,2,115,1000,11.5,abc
9,2021,missouri man robs / extremists overrun / indian villages,1,1,800,1000,80.0,abc
9,2021,mosquitoes zika miami / begins mass testing / illinois 33641702 us,0,2,71,1000,7.1,abc
9,2022,missouri man robs / extremists overrun / indian villages,1,1,833,1000,83.3,abc
9,2022,mosquitoes zika miami / begins mass testing / illinois 33641702 us,0,2,26,1000,2.6,abc
9,2023,missouri man robs / extremists overrun / indian villages,1,1,851,1000,85.1,abc
9,2023,mosquitoes zika miami / begins mass testing / illinois 33641702 us,0,2,17,1000,1.7000000000000002,abc
9,2024,missouri man robs / extremists overrun / indian villages,1,1,884,1000,88.4,abc
9,2024,mosquitoes zika miami / begins mass testing / illinois 33641702 us,0,2,10,1000,1.0,abc
10,2015,suspected freeway shooter / 34176175 justices review / pledges lower warming,1,1,552,1000,55.2,abc
10,2015,india anger nepal / iraqi pm opens / mexican soldiers tortured,2,2,175,1000,17.5,abc
10,2015,reagan arrives japan / gasoline cars 2050 / paycheck mystery jobs,3,3,119,1000,11.899999999999999,abc
10,2016,suspected freeway shooter / 34176175 justices review / pledges lower warming,1,1,579,1000,57.9,abc
10,2016,india anger nepal / iraqi pm opens / mexican soldiers tortured,2,2,158,1000,15.8,abc
10,2016,reagan arrives japan / gasoline cars 2050 / paycheck mystery jobs,3,3,96,1000,9.6,abc
10,2017,suspected freeway shooter / 34176175 justices review / pledges lower warming,1,1,506,1000,50.6,abc
10,2017,india anger nepal / iraqi pm opens / mexican soldiers tortured,2,2,175,1000,17.5,abc
10,2017,reagan arrives japan / gasoline cars 2050 / paycheck mystery jobs,3,3,113,1000,11.3,abc
10,2018,suspected freeway shooter / 34176175 justices review / pledges lower warming,1,1,450,1000,45.0,abc
10,2018,india anger nepal / iraqi pm opens / mexican soldiers tortured,2,2,205,1000,20.5,abc
10,2018,reagan arrives japan / gasoline cars 2050 / paycheck mystery jobs,3,3,139,1000,13.900000000000002,abc
10,2019,suspected freeway shooter / 34176175 justices review / pledges lower warming,1,1,482,1000,48.199999999999996,abc
10,2019,india anger nepal / iraqi pm opens / mexican soldiers tortured,2,2,163,1000,16.3,abc
10,2019,reagan arrives japan / gasoline cars 2050 / paycheck mystery jobs,3,3,125,1000,12.5,abc
10,2020,suspected freeway shooter / 34176175 justices review / pledges lower warming,1,1,424,1000,42.4,abc
10,2020,india anger nepal / iraqi pm opens / mexican soldiers tortured,2,2,165,1000,16.5,abc
10,2020,ebola outbreak / danny pintauro / fda evaluates cardiac,0,3,145,1000,14.499999999999998,abc
10,2021,suspected freeway shooter / 34176175 justices review / pledges lower warming,1,1,425,1000,42.5,abc
10,2021,india anger nepal / iraqi pm opens / mexican soldiers tortured,2,2,188,1000,18.8,abc
10,2021,reagan arrives japan / gasoline cars 2050 / paycheck mystery jobs,3,3,112,1000,11.200000000000001,abc
10,2022,suspected freeway shooter / 34176175 justices review / pledges lower warming,1,1,471,1000,47.099999999999994,abc
10,2022,india anger nepal / iraqi pm opens / mexican soldiers tortured,2,2,208,1000,20.8,abc
10,2022,reagan arrives japan / gasoline cars 2050 / paycheck mystery jobs,3,3,102,1000,10.2,abc
10,2023,suspected freeway shooter / 34176175 justices review / pledges lower warming,1,1,473,1000,47.3,abc
10,2023,india anger nepal / iraqi pm opens / mexican soldiers tortured,2,2,251,1000,25.1,abc
10,2023,reagan arrives japan / gasoline cars 2050 / paycheck mystery jobs,3,3,117,1000,11.700000000000001,abc
10,2024,suspected freeway shooter / 34176175 justices review / pledges lower warming,1,1,610,1000,61.0,abc
10,2024,india anger nepal / iraqi pm opens / mexican soldiers tortured,2,2,161,1000,16.1,abc
10,2024,reagan arrives japan / gasoline cars 2050 / paycheck mystery jobs,3,3,89,1000,8.9,abc
11,2015,waco biker shooting / presidential hopefuls / cargo ship el,3,1,349,1000,34.9,abc
11,2015,malian president france / people sea jails / government demands explanation,2,2,186,1000,18.6,abc
11,2015,voodoo fest / interview mcdonalds / jolie reveals inspiration,4,3,121,1000,12.1,abc
11,2016,waco biker shooting / presidential hopefuls / cargo ship el,3,1,372,1000,37.2,abc
11,2016,malian president france / people sea jails / government demands explanation,2,2,183,1000,18.3,abc
11,2016,voodoo fest / interview mcdonalds / jolie reveals inspiration,4,3,110,1000,11.0,abc
11,2017,waco biker shooting / presidential hopefuls / cargo ship el,3,1,358,1000,35.8,abc
11,2017,malian president france / people sea jails / government demands explanation,2,2,190,1000,19.0,abc
11,2017,voodoo fest / interview mcdonalds / jolie reveals inspiration,4,3,120,1000,12.0,abc
11,2018,waco biker shooting / presidential hopefuls / cargo ship el,3,1,257,1000,25.7,abc
11,2018,malian president france / people sea jails / government demands explanation,2,2,216,1000,21.6,abc
11,2018,voodoo fest / interview mcdonalds / jolie reveals inspiration,4,3,114,1000,11.4,abc
11,2019,waco biker shooting / presidential hopefuls / cargo ship el,3,1,347,1000,34.699999999999996,abc
11,2019,malian president france / people sea jails / government demands explanation,2,2,185,1000,18.5,abc
11,2019,voodoo fest / interview mcdonalds / jolie reveals inspiration,4,3,97,1000,9.700000000000001,abc
11,2020,waco biker shooting / presidential hopefuls / cargo ship el,3,1,273,1000,27.3,abc
11,2020,malian president france / people sea jails / government demands explanation,2,2,157,1000,15.7,abc
11,2020,flu vaccine poll / elton john reflects / hiv charlie,1,3,150,1000,15.0,abc
11,2021,waco biker shooting / presidential hopefuls / cargo ship el,3,1,253,1000,25.3,abc
11,2021,malian president france / people sea jails / government demands explanation,2,2,161,1000,16.1,abc
11,2021,flu vaccine poll / elton john reflects / hiv charlie,1,3,122,1000,12.2,abc
11,2022,waco biker shooting / presidential hopefuls / cargo ship el,3,1,319,1000,31.900000000000002,abc
11,2022,malian president france / people sea jails / government demands explanation,2,2,178,1000,17.8,abc
11,2022,voodoo fest / interview mcdonalds / jolie reveals inspiration,4,3,106,1000,10.6,abc
11,2023,waco biker shooting / presidential hopefuls / cargo ship el,3,1,332,1000,33.2,abc
11,2023,malian president france / people sea jails / government demands explanation,2,2,203,1000,20.3,abc
11,2023,voodoo fest / interview mcdonalds / jolie reveals inspiration,4,3,84,1000,8.4,abc
11,2024,waco biker shooting / presidential hopefuls / cargo ship el,3,1,384,1000,38.4,abc
11,2024,malian president france / people sea jails / government demands explanation,2,2,137,1000,13.700000000000001,abc
11,2024,voodoo fest / interview mcdonalds / jolie reveals inspiration,4,3,108,1000,10.8,abc
12,2015,jury picked cop / troops iraq syria / lifts broad restrictions,4,1,262,1000,26.200000000000003,abc
12,2015,spotlight tops gotham / 35547231 christmas trees / construction spending rises,3,2,153,1000,15.299999999999999,abc
12,2015,polio outbreak ukraine / terror hits home / sentenced 35548335 french,1,3,122,1000,12.2,abc
12,2016,jury picked cop / troops iraq syria / lifts broad restrictions,4,1,262,1000,26.200000000000003,abc
12,2016,polio outbreak ukraine / terror hits home / sentenced 35548335 french,1,2,133,1000,13.3,abc
12,2016,spotlight tops gotham / 35547231 christmas trees / construction spending rises,3,3,118,1000,11.799999999999999,abc
12,2017,jury picked cop / troops iraq syria / lifts broad restrictions,4,1,245,1000,24.5,abc
12,2017,polio outbreak ukraine / terror hits home / sentenced 35548335 french,1,2,138,1000,13.8,abc
12,2017,spotlight tops gotham / 35547231 christmas trees / construction spending rises,3,3,107,1000,10.7,abc
12,2018,jury picked cop / troops iraq syria / lifts broad restrictions,4,1,164,1000,16.400000000000002,abc
12,2018,spotlight tops gotham / 35547231 christmas trees / construction spending rises,3,2,157,1000,15.7,abc
12,2018,polio outbreak ukraine / terror hits home / sentenced 35548335 french,1,3,146,1000,14.6,abc
12,2019,jury picked cop / troops iraq syria / lifts broad restrictions,4,1,201,1000,20.1,abc
12,2019,polio outbreak ukraine / terror hits home / sentenced 35548335 french,1,2,143,1000,14.299999999999999,abc
12,2019,spotlight tops gotham / 35547231 christmas trees / construction spending rises,3,3,126,1000,12.6,abc
12,2020,ebola congo outbreak / taraji henson lends / 19 moms leaving,0,1,193,1000,19.3,abc
12,2020,jury picked cop / troops iraq syria / lifts broad restrictions,4,2,178,1000,17.8,abc
12,2020,spotlight tops gotham / 35547231 christmas trees / construction spending rises,3,3,122,1000,12.2,abc
12,2021,ebola congo outbreak / taraji henson lends / 19 moms leaving,0,1,178,1000,17.8,abc
12,2021,jury picked cop / troops iraq syria / lifts broad restrictions,4,2,168,1000,16.8,abc
12,2021,polio outbreak ukraine / terror hits home / sentenced 35548335 french,1,3,146,1000,14.6,abc
12,2022,jury picked cop / troops iraq syria / lifts broad restrictions,4,1,188,1000,18.8,abc
12,2022,polio outbreak ukraine / terror hits home / sentenced 35548335 french,1,2,139,1000,13.900000000000002,abc
12,2022,spotlight tops gotham / 35547231 christmas trees / construction spending rises,3,3,97,1000,9.700000000000001,abc
12,2023,jury picked cop / troops iraq syria / lifts broad restrictions,4,1,259,1000,25.900000000000002,abc
12,2023,polio outbreak ukraine / terror hits home / sentenced 35548335 french,1,2,147,1000,14.7,abc
12,2023,spotlight tops gotham / 35547231 christmas trees / construction spending rises,3,3,122,1000,12.2,abc
12,2024,jury picked cop / troops iraq syria / lifts broad restrictions,4,1,228,1000,22.8,abc
12,2024,spotlight tops gotham / 35547231 christmas trees / construction spending rises,3,2,122,1000,12.2,abc
12,2024,polio outbreak ukraine / terror hits home / sentenced 35548335 french,1,3,117,1000,11.700000000000001,abc
1,2016,christie rubio hillary / chaos tell us / releases first tv,0,1,277,724,38.25966850828729,msnbc
1,2016,iran reacts prisoner / spring cleric nimr / sure killed four,4,2,25,724,3.4530386740331496,msnbc
1,2016,court fight trump / juveniles sentenced life / rncs ballot security,3,3,18,724,2.4861878453038675,msnbc
1,2017,christie rubio hillary / chaos tell us / releases first tv,0,1,45,235,19.148936170212767,msnbc
1,2017,trump espionage trump / director accused helping / end anytime,1,2,25,235,10.638297872340425,msnbc
1,2017,court fight trump / juveniles sentenced life / rncs ballot security,3,3,3,235,1.276595744680851,msnbc
1,2018,trump espionage trump / director accused helping / end anytime,1,1,67,372,18.010752688172044,msnbc
1,2018,christie rubio hillary / chaos tell us / releases first tv,0,2,65,372,17.473118279569892,msnbc
1,2018,trump government shutdown / nyc chick fil / idea adding chaos,7,3,17,372,4.56989247311828,msnbc
1,2019,trump government shutdown / nyc chick fil / idea adding chaos,7,1,169,1000,16.900000000000002,msnbc
1,2019,trump espionage trump / director accused helping / end anytime,1,2,131,1000,13.100000000000001,msnbc
1,2019,christie rubio hillary / chaos tell us / releases first tv,0,3,98,1000,9.8,msnbc
1,2020,schnieder impeachment / absolutely still think / chris jansing breaks,2,1,230,1000,23.0,msnbc
1,2020,iran reacts prisoner / spring cleric nimr / sure killed four,4,2,164,1000,16.400000000000002,msnbc
1,2020,christie rubio hillary / chaos tell us / releases first tv,0,3,67,1000,6.7,msnbc
1,2021,despite screening protesters / olympic athlete gwen / bend say buttigieg,5,1,136,1000,13.600000000000001,msnbc
1,2021,zika virus outbreak / nigeria plans resettle / 99364933816 cdc lowers,8,2,87,1000,8.7,msnbc
1,2021,christie rubio hillary / chaos tell us / releases first tv,0,3,76,1000,7.6,msnbc
1,2022,christie rubio hillary / chaos tell us / releases first tv,0,1,86,820,10.487804878048781,msnbc
1,2022,zika virus outbreak / nigeria plans resettle / 99364933816 cdc lowers,8,2,64,820,7.804878048780488,msnbc
1,2022,trump espionage trump / director accused helping / end anytime,1,3,51,820,6.219512195121951,msnbc
1,2023,christie rubio hillary / chaos tell us / releases first tv,0,1,49,704,6.9602272727272725,msnbc
1,2023,joe biden run / mattis finds unenviable / clinton indicted goodbye,6,2,46,704,6.534090909090909,msnbc
1,2023,court fight trump / juveniles sentenced life / rncs ballot security,3,3,31,704,4.403409090909091,msnbc
1,2024,christie rubio hillary / chaos tell us / releases first tv,0,1,151,772,19.559585492227978,msnbc
1,2024,court fight trump / juveniles sentenced life / rncs ballot security,3,2,84,772,10.880829015544041,msnbc
1,2024,joe biden run / mattis finds unenviable / clinton indicted goodbye,6,3,34,772,4.404145077720207,msnbc
1,2025,christie rubio hillary / chaos tell us / releases first tv,0,1,50,827,6.045949214026603,msnbc
1,2025,court fight trump / juveniles sentenced life / rncs ballot security,3,2,39,827,4.71584038694075,msnbc
1,2025,joe biden run / mattis finds unenviable / clinton indicted goodbye,6,3,33,827,3.990326481257558,msnbc
2,2015,snl40 bill cosby / combat gop gerrymanders / guns college campuses,3,1,63,242,26.033057851239672,msnbc
2,2015,zika virus us / superbug exposure ucla / 79318085733 markets sink,0,2,5,242,2.066115702479339,msnbc
2,2015,clinton sanders debate / iowa looks / moving wrong direction,2,3,5,242,2.066115702479339,msnbc
2,2016,clinton sanders debate / iowa looks / moving wrong direction,2,1,168,716,23.463687150837988,msnbc
2,2016,snl40 bill cosby / combat gop gerrymanders / guns college campuses,3,2,106,716,14.804469273743019,msnbc
2,2016,zika virus us / superbug exposure ucla / 79318085733 markets sink,0,3,9,716,1.2569832402234637,msnbc
2,2017,snl40 bill cosby / combat gop gerrymanders / guns college campuses,3,1,75,229,32.751091703056765,msnbc
2,2017,russia meddle election / bot twitter 1436501059933 / memo cover,1,2,7,229,3.056768558951965,msnbc
2,2017,zika virus us / superbug exposure ucla / 79318085733 markets sink,0,3,1,229,0.43668122270742354,msnbc
2,2018,snl40 bill cosby / combat gop gerrymanders / guns college campuses,3,1,119,306,38.88888888888889,msnbc
2,2018,russia meddle election / bot twitter 1436501059933 / memo cover,1,2,13,306,4.248366013071895,msnbc
2,2018,clinton sanders debate / iowa looks / moving wrong direction,2,3,1,306,0.32679738562091504,msnbc
2,2019,snl40 bill cosby / combat gop gerrymanders / guns college campuses,3,1,370,1000,37.0,msnbc
2,2019,russia meddle election / bot twitter 1436501059933 / memo cover,1,2,45,1000,4.5,msnbc
2,2019,clinton sanders debate / iowa looks / moving wrong direction,2,3,16,1000,1.6,msnbc
2,2020,snl40 bill cosby / combat gop gerrymanders / guns college campuses,3,1,225,1000,22.5,msnbc
2,2020,clinton sanders debate / iowa looks / moving wrong direction,2,2,111,1000,11.1,msnbc
2,2020,zika virus us / superbug exposure ucla / 79318085733 markets sink,0,3,99,1000,9.9,msnbc
2,2021,snl40 bill cosby / combat gop gerrymanders / guns college campuses,3,1,359,778,46.1439588688946,msnbc
2,2021,zika virus us / superbug exposure ucla / 79318085733 markets sink,0,2,75,778,9.640102827763496,msnbc
2,2021,russia meddle election / bot twitter 1436501059933 / memo cover,1,3,11,778,1.4138817480719794,msnbc
2,2022,snl40 bill cosby / combat gop gerrymanders / guns college campuses,3,1,252,738,34.146341463414636,msnbc
2,2022,russia meddle election / bot twitter 1436501059933 / memo cover,1,2,166,738,22.493224932249323,msnbc
2,2022,zika virus us / superbug exposure ucla / 79318085733 markets sink,0,3,35,738,4.742547425474255,msnbc
2,2023,snl40 bill cosby / combat gop gerrymanders / guns college campuses,3,1,254,801,31.7103620474407,msnbc
2,2023,russia meddle election / bot twitter 1436501059933 / memo cover,1,2,65,801,8.114856429463172,msnbc
2,2023,clinton sanders debate / iowa looks / moving wrong direction,2,3,7,801,0.8739076154806492,msnbc
2,2024,snl40 bill cosby / combat gop gerrymanders / guns college campuses,3,1,382,763,50.06553079947575,msnbc
2,2024,russia meddle election / bot twitter 1436501059933 / memo cover,1,2,53,763,6.946264744429882,msnbc
2,2024,clinton sanders debate / iowa looks / moving wrong direction,2,3,4,763,0.5242463958060288,msnbc
2,2025,snl40 bill cosby / combat gop gerrymanders / guns college campuses,3,1,229,633,36.17693522906793,msnbc
2,2025,russia meddle election / bot twitter 1436501059933 / memo cover,1,2,46,633,7.266982622432859,msnbc
2,2025,zika virus us / superbug exposure ucla / 79318085733 markets sink,0,3,8,633,1.263823064770932,msnbc
3,2015,perry questions hillary / fugitive edward snowden / xl pipeline,2,1,360,764,47.12041884816754,msnbc
3,2015,ebola nurse sue / top concern vermont / visit white house,0,2,19,764,2.486910994764398,msnbc
3,2015,end russia investigation / plays risky game / house sending mixed,1,3,4,764,0.5235602094240838,msnbc
3,2016,perry questions hillary / fugitive edward snowden / xl pipeline,2,1,445,717,62.064156206415625,msnbc
3,2016,ebola nurse sue / top concern vermont / visit white house,0,2,9,717,1.2552301255230125,msnbc
3,2016,end russia investigation / plays risky game / house sending mixed,1,3,5,717,0.697350069735007,msnbc
3,2017,perry questions hillary / fugitive edward snowden / xl pipeline,2,1,116,251,46.21513944223107,msnbc
3,2017,end russia investigation / plays risky game / house sending mixed,1,2,5,251,1.9920318725099602,msnbc
3,2017,ebola nurse sue / top concern vermont / visit white house,0,3,1,251,0.398406374501992,msnbc
3,2018,perry questions hillary / fugitive edward snowden / xl pipeline,2,1,499,817,61.07711138310894,msnbc
3,2018,end russia investigation / plays risky game / house sending mixed,1,2,60,817,7.343941248470013,msnbc
3,2018,ebola nurse sue / top concern vermont / visit white house,0,3,9,817,1.101591187270502,msnbc
3,2019,perry questions hillary / fugitive edward snowden / xl pipeline,2,1,634,1000,63.4,msnbc
3,2019,end russia investigation / plays risky game / house sending mixed,1,2,31,1000,3.1,msnbc
3,2019,ebola nurse sue / top concern vermont / visit white house,0,3,9,1000,0.8999999999999999,msnbc
3,2020,ebola nurse sue / top concern vermont / visit white house,0,1,611,1000,61.1,msnbc
3,2020,perry questions hillary / fugitive edward snowden / xl pipeline,2,2,245,1000,24.5,msnbc
3,2020,end russia investigation / plays risky game / house sending mixed,1,3,3,1000,0.3,msnbc
3,2021,perry questions hillary / fugitive edward snowden / xl pipeline,2,1,483,955,50.57591623036649,msnbc
3,2021,ebola nurse sue / top concern vermont / visit white house,0,2,192,955,20.104712041884817,msnbc
3,2021,end russia investigation / plays risky game / house sending mixed,1,3,23,955,2.408376963350785,msnbc
3,2022,end russia investigation / plays risky game / house sending mixed,1,1,407,801,50.811485642946316,msnbc
3,2022,perry questions hillary / fugitive edward snowden / xl pipeline,2,2,263,801,32.83395755305868,msnbc
3,2022,ebola nurse sue / top concern vermont / visit white house,0,3,22,801,2.746566791510612,msnbc
3,2023,perry questions hillary / fugitive edward snowden / xl pipeline,2,1,541,893,60.58230683090705,msnbc
3,2023,end russia investigation / plays risky game / house sending mixed,1,2,28,893,3.135498320268757,msnbc
3,2023,ebola nurse sue / top concern vermont / visit white house,0,3,13,893,1.4557670772676372,msnbc
3,2024,perry questions hillary / fugitive edward snowden / xl pipeline,2,1,675,933,72.34726688102894,msnbc
3,2024,end russia investigation / plays risky game / house sending mixed,1,2,36,933,3.858520900321544,msnbc
3,2024,ebola nurse sue / top concern vermont / visit white house,0,3,3,933,0.3215434083601286,msnbc
3,2025,perry questions hillary / fugitive edward snowden / xl pipeline,2,1,475,812,58.49753694581281,msnbc
3,2025,end russia investigation / plays risky game / house sending mixed,1,2,38,812,4.679802955665025,msnbc
3,2025,ebola nurse sue / top concern vermont / visit white house,0,3,23,812,2.832512315270936,msnbc
4,2015,law hillary clintons / indiana health crisis / hutchinson address religious,1,1,452,746,60.58981233243968,msnbc
4,2015,iraq official auschwitz / tsarnaev avoid death / draw closer scrutiny,0,2,15,746,2.0107238605898123,msnbc
4,2016,law hillary clintons / indiana health crisis / hutchinson address religious,1,1,530,691,76.70043415340086,msnbc
4,2016,iraq official auschwitz / tsarnaev avoid death / draw closer scrutiny,0,2,12,691,1.7366136034732274,msnbc
4,2017,law hillary clintons / indiana health crisis / hutchinson address religious,1,1,113,205,55.1219512195122,msnbc
4,2017,iraq official auschwitz / tsarnaev avoid death / draw closer scrutiny,0,2,9,205,4.390243902439024,msnbc
4,2018,law hillary clintons / indiana health crisis / hutchinson address religious,1,1,575,1000,57.49999999999999,msnbc
4,2018,iraq official auschwitz / tsarnaev avoid death / draw closer scrutiny,0,2,46,1000,4.6,msnbc
4,2019,law hillary clintons / indiana health crisis / hutchinson address religious,1,1,823,1000,82.3,msnbc
4,2019,iraq official auschwitz / tsarnaev avoid death / draw closer scrutiny,0,2,13,1000,1.3,msnbc
4,2020,law hillary clintons / indiana health crisis / hutchinson address religious,1,1,841,1000,84.1,msnbc
4,2020,iraq official auschwitz / tsarnaev avoid death / draw closer scrutiny,0,2,3,1000,0.3,msnbc
4,2021,law hillary clintons / indiana health crisis / hutchinson address religious,1,1,646,851,75.91069330199764,msnbc
4,2021,iraq official auschwitz / tsarnaev avoid death / draw closer scrutiny,0,2,11,851,1.2925969447708578,msnbc
4,2022,law hillary clintons / indiana health crisis / hutchinson address religious,1,1,421,768,54.817708333333336,msnbc
4,2022,iraq official auschwitz / tsarnaev avoid death / draw closer scrutiny,0,2,172,768,22.395833333333336,msnbc
4,2023,law hillary clintons / indiana health crisis / hutchinson address religious,1,1,433,702,61.68091168091168,msnbc
4,2023,iraq official auschwitz / tsarnaev avoid death / draw closer scrutiny,0,2,6,702,0.8547008547008548,msnbc
4,2024,law hillary clintons / indiana health crisis / hutchinson address religious,1,1,642,843,76.15658362989323,msnbc
4,2024,iraq official auschwitz / tsarnaev avoid death / draw closer scrutiny,0,2,21,843,2.491103202846975,msnbc
4,2025,law hillary clintons / indiana health crisis / hutchinson address religious,1,1,9,13,69.23076923076923,msnbc
5,2015,baltimore arrest protests / freddie gray death / rice investigation drags,2,1,79,652,12.116564417177914,msnbc
5,2015,democrats overreacted crime / presidential candidates debate / uk conservatives make,4,2,75,652,11.503067484662576,msnbc
5,2015,ben king dead / grow value millennials / transcript lisa monaco,3,3,27,652,4.141104294478527,msnbc
5,2016,democrats overreacted crime / presidential candidates debate / uk conservatives make,4,1,196,740,26.486486486486488,msnbc
5,2016,baltimore arrest protests / freddie gray death / rice investigation drags,2,2,32,740,4.324324324324325,msnbc
5,2016,abortions nebraska poised / labor maryland gov / defunds 1236910147862 judges,0,3,24,740,3.2432432432432434,msnbc
5,2017,democrats overreacted crime / presidential candidates debate / uk conservatives make,4,1,71,225,31.555555555555554,msnbc
5,2017,program ebola / california city blueprint / service booker political,1,2,3,225,1.3333333333333335,msnbc
5,2017,abortions nebraska poised / labor maryland gov / defunds 1236910147862 judges,0,3,1,225,0.4444444444444444,msnbc
5,2018,democrats overreacted crime / presidential candidates debate / uk conservatives make,4,1,137,386,35.49222797927461,msnbc
5,2018,baltimore arrest protests / freddie gray death / rice investigation drags,2,2,6,386,1.5544041450777202,msnbc
5,2018,program ebola / california city blueprint / service booker political,1,3,3,386,0.7772020725388601,msnbc
5,2019,democrats overreacted crime / presidential candidates debate / uk conservatives make,4,1,290,1000,28.999999999999996,msnbc
5,2019,abortions nebraska poised / labor maryland gov / defunds 1236910147862 judges,0,2,56,1000,5.6000000000000005,msnbc
5,2019,ben king dead / grow value millennials / transcript lisa monaco,3,3,27,1000,2.7,msnbc
5,2020,program ebola / california city blueprint / service booker political,1,1,353,1000,35.3,msnbc
5,2020,democrats overreacted crime / presidential candidates debate / uk conservatives make,4,2,132,1000,13.200000000000001,msnbc
5,2020,baltimore arrest protests / freddie gray death / rice investigation drags,2,3,84,1000,8.4,msnbc
5,2021,democrats overreacted crime / presidential candidates debate / uk conservatives make,4,1,339,1000,33.900000000000006,msnbc
5,2021,program ebola / california city blueprint / service booker political,1,2,64,1000,6.4,msnbc
5,2021,baltimore arrest protests / freddie gray death / rice investigation drags,2,3,55,1000,5.5,msnbc
5,2022,democrats overreacted crime / presidential candidates debate / uk conservatives make,4,1,142,722,19.667590027700832,msnbc
5,2022,abortions nebraska poised / labor maryland gov / defunds 1236910147862 judges,0,2,133,722,18.421052631578945,msnbc
5,2022,baltimore arrest protests / freddie gray death / rice investigation drags,2,3,106,722,14.681440443213297,msnbc
5,2023,democrats overreacted crime / presidential candidates debate / uk conservatives make,4,1,173,759,22.793148880105402,msnbc
5,2023,abortions nebraska poised / labor maryland gov / defunds 1236910147862 judges,0,2,75,759,9.881422924901186,msnbc
5,2023,ben king dead / grow value millennials / transcript lisa monaco,3,3,64,759,8.432147562582346,msnbc
5,2024,democrats overreacted crime / presidential candidates debate / uk conservatives make,4,1,370,823,44.95747266099636,msnbc
5,2024,ben king dead / grow value millennials / transcript lisa monaco,3,2,63,823,7.654921020656136,msnbc
5,2024,abortions nebraska poised / labor maryland gov / defunds 1236910147862 judges,0,3,44,823,5.34629404617254,msnbc
6,2015,sanders marylands omalley / voting conversation / fifa scandal interpol,2,1,131,715,18.321678321678323,msnbc
6,2015,scotus abortion access / abercrombie fitch loses / marijuana charges dropped,1,2,54,715,7.5524475524475525,msnbc
6,2015,ferguson corrupt cop / disparity diversity childrens / recovered recession faster,3,3,26,715,3.6363636363636362,msnbc
6,2016,sanders marylands omalley / voting conversation / fifa scandal interpol,2,1,166,432,38.425925925925924,msnbc
6,2016,ferguson corrupt cop / disparity diversity childrens / recovered recession faster,3,2,24,432,5.555555555555555,msnbc
6,2016,scotus abortion access / abercrombie fitch loses / marijuana charges dropped,1,3,15,432,3.4722222222222223,msnbc
6,2017,sanders marylands omalley / voting conversation / fifa scandal interpol,2,1,90,213,42.25352112676056,msnbc
6,2017,scotus abortion access / abercrombie fitch loses / marijuana charges dropped,1,2,4,213,1.8779342723004695,msnbc
6,2017,ferguson corrupt cop / disparity diversity childrens / recovered recession faster,3,3,2,213,0.9389671361502347,msnbc
6,2018,sanders marylands omalley / voting conversation / fifa scandal interpol,2,1,118,384,30.729166666666668,msnbc
6,2018,ferguson corrupt cop / disparity diversity childrens / recovered recession faster,3,2,12,384,3.125,msnbc
6,2018,scotus abortion access / abercrombie fitch loses / marijuana charges dropped,1,3,12,384,3.125,msnbc
6,2019,sanders marylands omalley / voting conversation / fifa scandal interpol,2,1,406,1000,40.6,msnbc
6,2019,scotus abortion access / abercrombie fitch loses / marijuana charges dropped,1,2,36,1000,3.5999999999999996,msnbc
6,2019,ferguson corrupt cop / disparity diversity childrens / recovered recession faster,3,3,23,1000,2.3,msnbc
6,2020,ferguson corrupt cop / disparity diversity childrens / recovered recession faster,3,1,270,1000,27.0,msnbc
6,2020,sanders marylands omalley / voting conversation / fifa scandal interpol,2,2,171,1000,17.1,msnbc
6,2020,trump coronavirus response / charles barkley donates / tornadoes,0,3,125,1000,12.5,msnbc
6,2021,sanders marylands omalley / voting conversation / fifa scandal interpol,2,1,429,1000,42.9,msnbc
6,2021,ferguson corrupt cop / disparity diversity childrens / recovered recession faster,3,2,61,1000,6.1,msnbc
6,2021,trump coronavirus response / charles barkley donates / tornadoes,0,3,44,1000,4.3999999999999995,msnbc
6,2022,sanders marylands omalley / voting conversation / fifa scandal interpol,2,1,312,670,46.56716417910447,msnbc
6,2022,scotus abortion access / abercrombie fitch loses / marijuana charges dropped,1,2,87,670,12.985074626865673,msnbc
6,2022,ferguson corrupt cop / disparity diversity childrens / recovered recession faster,3,3,48,670,7.164179104477612,msnbc
6,2023,sanders marylands omalley / voting conversation / fifa scandal interpol,2,1,390,780,50.0,msnbc
6,2023,scotus abortion access / abercrombie fitch loses / marijuana charges dropped,1,2,64,780,8.205128205128204,msnbc
6,2023,controversy puts hollywood / 2016 race lucky / carol hutchins 114394693829,4,3,35,780,4.487179487179487,msnbc
6,2024,sanders marylands omalley / voting conversation / fifa scandal interpol,2,1,380,747,50.870147255689425,msnbc
6,2024,scotus abortion access / abercrombie fitch loses / marijuana charges dropped,1,2,96,747,12.851405622489958,msnbc
6,2024,ferguson corrupt cop / disparity diversity childrens / recovered recession faster,3,3,41,747,5.4886211512717535,msnbc
7,2015,greek debt crisis / scouts take white / clinton emails new,1,1,752,787,95.55273189326556,msnbc
7,2015,picking cdc trump / dive louisiana parish / paul slammed blocking,0,2,10,787,1.2706480304955527,msnbc
7,2016,greek debt crisis / scouts take white / clinton emails new,1,1,226,266,84.9624060150376,msnbc
7,2016,picking cdc trump / dive louisiana parish / paul slammed blocking,0,2,1,266,0.37593984962406013,msnbc
7,2017,greek debt crisis / scouts take white / clinton emails new,1,1,143,160,89.375,msnbc
7,2018,greek debt crisis / scouts take white / clinton emails new,1,1,881,925,95.24324324324324,msnbc
7,2018,picking cdc trump / dive louisiana parish / paul slammed blocking,0,2,5,925,0.5405405405405406,msnbc
7,2019,greek debt crisis / scouts take white / clinton emails new,1,1,960,1000,96.0,msnbc
7,2019,picking cdc trump / dive louisiana parish / paul slammed blocking,0,2,19,1000,1.9,msnbc
7,2020,greek debt crisis / scouts take white / clinton emails new,1,1,723,1000,72.3,msnbc
7,2020,picking cdc trump / dive louisiana parish / paul slammed blocking,0,2,275,1000,27.500000000000004,msnbc
7,2021,greek debt crisis / scouts take white / clinton emails new,1,1,822,1000,82.19999999999999,msnbc
7,2021,picking cdc trump / dive louisiana parish / paul slammed blocking,0,2,171,1000,17.1,msnbc
7,2022,greek debt crisis / scouts take white / clinton emails new,1,1,645,664,97.13855421686746,msnbc
7,2022,picking cdc trump / dive louisiana parish / paul slammed blocking,0,2,17,664,2.5602409638554215,msnbc
7,2023,greek debt crisis / scouts take white / clinton emails new,1,1,709,728,97.39010989010988,msnbc
7,2023,picking cdc trump / dive louisiana parish / paul slammed blocking,0,2,11,728,1.510989010989011,msnbc
7,2024,greek debt crisis / scouts take white / clinton emails new,1,1,783,790,99.1139240506329,msnbc
7,2024,picking cdc trump / dive louisiana parish / paul slammed blocking,0,2,6,790,0.7594936708860759,msnbc
8,2015,biden challenge hillary / gop field display / paxton indicted sources,4,1,282,723,39.004149377593365,msnbc
8,2015,taylor killed police / dr walter / standoff walmart pulling,3,2,57,723,7.883817427385892,msnbc
8,2015,ebola vaccine obama / persists amid epa / health insurance survey,1,3,55,723,7.607192254495159,msnbc
8,2016,biden challenge hillary / gop field display / paxton indicted sources,4,1,84,170,49.411764705882355,msnbc
8,2016,trumps deportation plan / found truck austria / 1292037187855 judge slams,2,2,9,170,5.294117647058823,msnbc
8,2016,ebola vaccine obama / persists amid epa / health insurance survey,1,3,8,170,4.705882352941177,msnbc
8,2017,biden challenge hillary / gop field display / paxton indicted sources,4,1,125,208,60.09615384615385,msnbc
8,2017,ebola vaccine obama / persists amid epa / health insurance survey,1,2,18,208,8.653846153846153,msnbc
8,2017,kabul taliban / ben rhodes current / crashes japans okinawa,0,3,6,208,2.8846153846153846,msnbc
8,2018,biden challenge hillary / gop field display / paxton indicted sources,4,1,342,594,57.57575757575758,msnbc
8,2018,ebola vaccine obama / persists amid epa / health insurance survey,1,2,25,594,4.208754208754209,msnbc
8,2018,trumps deportation plan / found truck austria / 1292037187855 judge slams,2,3,20,594,3.3670033670033668,msnbc
8,2019,biden challenge hillary / gop field display / paxton indicted sources,4,1,499,1000,49.9,msnbc
8,2019,taylor killed police / dr walter / standoff walmart pulling,3,2,142,1000,14.2,msnbc
8,2019,trumps deportation plan / found truck austria / 1292037187855 judge slams,2,3,59,1000,5.8999999999999995,msnbc
8,2020,biden challenge hillary / gop field display / paxton indicted sources,4,1,573,1000,57.3,msnbc
8,2020,ebola vaccine obama / persists amid epa / health insurance survey,1,2,141,1000,14.099999999999998,msnbc
8,2020,taylor killed police / dr walter / standoff walmart pulling,3,3,13,1000,1.3,msnbc
8,2021,ebola vaccine obama / persists amid epa / health insurance survey,1,1,208,726,28.650137741046834,msnbc
8,2021,biden challenge hillary / gop field display / paxton indicted sources,4,2,186,726,25.6198347107438,msnbc
8,2021,kabul taliban / ben rhodes current / crashes japans okinawa,0,3,148,726,20.385674931129476,msnbc
8,2022,biden challenge hillary / gop field display / paxton indicted sources,4,1,427,676,63.165680473372774,msnbc
8,2022,ebola vaccine obama / persists amid epa / health insurance survey,1,2,32,676,4.733727810650888,msnbc
8,2022,kabul taliban / ben rhodes current / crashes japans okinawa,0,3,22,676,3.2544378698224854,msnbc
8,2023,biden challenge hillary / gop field display / paxton indicted sources,4,1,490,751,65.24633821571238,msnbc
8,2023,taylor killed police / dr walter / standoff walmart pulling,3,2,25,751,3.3288948069241013,msnbc
8,2023,ebola vaccine obama / persists amid epa / health insurance survey,1,3,24,751,3.1957390146471374,msnbc
8,2024,biden challenge hillary / gop field display / paxton indicted sources,4,1,640,782,81.84143222506394,msnbc
8,2024,taylor killed police / dr walter / standoff walmart pulling,3,2,9,782,1.1508951406649617,msnbc
8,2024,ebola vaccine obama / persists amid epa / health insurance survey,1,3,8,782,1.0230179028132993,msnbc
9,2015,rand paul scraping / biggest threats arent / satellite images show,4,1,507,741,68.42105263157895,msnbc
9,2015,texas abortion clinics / criticism majority goverment / father pleads congress,3,2,27,741,3.643724696356275,msnbc
9,2015,americas wildfire crisis / water researchers say / airport 14 injured,2,3,20,741,2.699055330634278,msnbc
9,2016,rand paul scraping / biggest threats arent / satellite images show,4,1,197,260,75.76923076923077,msnbc
9,2016,americas wildfire crisis / water researchers say / airport 14 injured,2,2,4,260,1.5384615384615385,msnbc
9,2016,kavanaugh ahead hearings / amanda knox stunning / weakness glaring errors,1,3,1,260,0.38461538461538464,msnbc
9,2017,rand paul scraping / biggest threats arent / satellite images show,4,1,134,187,71.65775401069519,msnbc
9,2017,americas wildfire crisis / water researchers say / airport 14 injured,2,2,5,187,2.6737967914438503,msnbc
9,2018,rand paul scraping / biggest threats arent / satellite images show,4,1,516,1000,51.6,msnbc
9,2018,kavanaugh ahead hearings / amanda knox stunning / weakness glaring errors,1,2,243,1000,24.3,msnbc
9,2018,americas wildfire crisis / water researchers say / airport 14 injured,2,3,80,1000,8.0,msnbc
9,2019,rand paul scraping / biggest threats arent / satellite images show,4,1,788,1000,78.8,msnbc
9,2019,americas wildfire crisis / water researchers say / airport 14 injured,2,2,56,1000,5.6000000000000005,msnbc
9,2019,kavanaugh ahead hearings / amanda knox stunning / weakness glaring errors,1,3,16,1000,1.6,msnbc
9,2020,rand paul scraping / biggest threats arent / satellite images show,4,1,676,1000,67.60000000000001,msnbc
9,2020,woodward shows trump / getting flu shot / liberia free,0,2,195,1000,19.5,msnbc
9,2020,americas wildfire crisis / water researchers say / airport 14 injured,2,3,42,1000,4.2,msnbc
9,2021,rand paul scraping / biggest threats arent / satellite images show,4,1,505,763,66.18610747051113,msnbc
9,2021,woodward shows trump / getting flu shot / liberia free,0,2,107,763,14.02359108781127,msnbc
9,2021,texas abortion clinics / criticism majority goverment / father pleads congress,3,3,54,763,7.077326343381389,msnbc
9,2022,rand paul scraping / biggest threats arent / satellite images show,4,1,461,614,75.0814332247557,msnbc
9,2022,americas wildfire crisis / water researchers say / airport 14 injured,2,2,63,614,10.260586319218241,msnbc
9,2022,texas abortion clinics / criticism majority goverment / father pleads congress,3,3,29,614,4.723127035830619,msnbc
9,2023,rand paul scraping / biggest threats arent / satellite images show,4,1,527,619,85.1373182552504,msnbc
9,2023,americas wildfire crisis / water researchers say / airport 14 injured,2,2,14,619,2.2617124394184165,msnbc
9,2023,texas abortion clinics / criticism majority goverment / father pleads congress,3,3,9,619,1.4539579967689822,msnbc
9,2024,rand paul scraping / biggest threats arent / satellite images show,4,1,590,665,88.7218045112782,msnbc
9,2024,texas abortion clinics / criticism majority goverment / father pleads congress,3,2,32,665,4.8120300751879705,msnbc
9,2024,americas wildfire crisis / water researchers say / airport 14 injured,2,3,17,665,2.556390977443609,msnbc
10,2015,deadliest mass shootings / education deadlines joe / syrian refugees notice,1,1,655,690,94.92753623188406,msnbc
10,2015,iranian journalist protests / kills palestinian woman / air france execs,0,2,13,690,1.884057971014493,msnbc
10,2016,deadliest mass shootings / education deadlines joe / syrian refugees notice,1,1,196,246,79.67479674796748,msnbc
10,2016,iranian journalist protests / kills palestinian woman / air france execs,0,2,1,246,0.40650406504065045,msnbc
10,2017,deadliest mass shootings / education deadlines joe / syrian refugees notice,1,1,197,236,83.47457627118644,msnbc
10,2017,iranian journalist protests / kills palestinian woman / air france execs,0,2,1,236,0.423728813559322,msnbc
10,2018,deadliest mass shootings / education deadlines joe / syrian refugees notice,1,1,935,1000,93.5,msnbc
10,2018,iranian journalist protests / kills palestinian woman / air france execs,0,2,11,1000,1.0999999999999999,msnbc
10,2019,deadliest mass shootings / education deadlines joe / syrian refugees notice,1,1,926,1000,92.60000000000001,msnbc
10,2019,iranian journalist protests / kills palestinian woman / air france execs,0,2,6,1000,0.6,msnbc
10,2020,deadliest mass shootings / education deadlines joe / syrian refugees notice,1,1,653,670,97.46268656716418,msnbc
10,2020,iranian journalist protests / kills palestinian woman / air france execs,0,2,3,670,0.44776119402985076,msnbc
10,2021,deadliest mass shootings / education deadlines joe / syrian refugees notice,1,1,854,864,98.8425925925926,msnbc
10,2021,iranian journalist protests / kills palestinian woman / air france execs,0,2,6,864,0.6944444444444444,msnbc
10,2022,deadliest mass shootings / education deadlines joe / syrian refugees notice,1,1,797,814,97.91154791154791,msnbc
10,2022,iranian journalist protests / kills palestinian woman / air france execs,0,2,14,814,1.71990171990172,msnbc
10,2023,deadliest mass shootings / education deadlines joe / syrian refugees notice,1,1,544,806,67.4937965260546,msnbc
10,2023,iranian journalist protests / kills palestinian woman / air france execs,0,2,260,806,32.25806451612903,msnbc
10,2024,deadliest mass shootings / education deadlines joe / syrian refugees notice,1,1,756,803,94.14694894146949,msnbc
10,2024,iranian journalist protests / kills palestinian woman / air france execs,0,2,45,803,5.603985056039851,msnbc
11,2015,coli outbreak bernie / charges obama sees / lists debate demands,0,1,394,645,61.08527131782946,msnbc
11,2015,attacks tel aviv / velshi biden tools / glad pause much,1,2,6,645,0.9302325581395349,msnbc
11,2016,coli outbreak bernie / charges obama sees / lists debate demands,0,1,132,171,77.19298245614034,msnbc
11,2017,coli outbreak bernie / charges obama sees / lists debate demands,0,1,214,289,74.0484429065744,msnbc
11,2017,attacks tel aviv / velshi biden tools / glad pause much,1,2,1,289,0.34602076124567477,msnbc
11,2018,coli outbreak bernie / charges obama sees / lists debate demands,0,1,872,1000,87.2,msnbc
11,2019,coli outbreak bernie / charges obama sees / lists debate demands,0,1,848,1000,84.8,msnbc
11,2020,coli outbreak bernie / charges obama sees / lists debate demands,0,1,429,468,91.66666666666666,msnbc
11,2020,attacks tel aviv / velshi biden tools / glad pause much,1,2,1,468,0.2136752136752137,msnbc
11,2021,coli outbreak bernie / charges obama sees / lists debate demands,0,1,631,721,87.51733703190014,msnbc
11,2021,attacks tel aviv / velshi biden tools / glad pause much,1,2,1,721,0.13869625520110956,msnbc
11,2022,coli outbreak bernie / charges obama sees / lists debate demands,0,1,614,711,86.35724331926863,msnbc
11,2022,attacks tel aviv / velshi biden tools / glad pause much,1,2,7,711,0.9845288326300985,msnbc
11,2023,coli outbreak bernie / charges obama sees / lists debate demands,0,1,483,686,70.40816326530613,msnbc
11,2023,attacks tel aviv / velshi biden tools / glad pause much,1,2,111,686,16.18075801749271,msnbc
11,2024,coli outbreak bernie / charges obama sees / lists debate demands,0,1,561,663,84.61538461538461,msnbc
11,2024,attacks tel aviv / velshi biden tools / glad pause much,1,2,20,663,3.0165912518853695,msnbc
12,2015,donald trump adolf / ransom showing debate / denies texas immigration,2,1,208,667,31.184407796101947,msnbc
12,2015,curb gun violence / 2016 candidates reacted / normal part american,3,2,33,667,4.94752623688156,msnbc
12,2015,treatmentforall aids documentary / overlapping health plans / responders bill treasury,0,3,16,667,2.39880059970015,msnbc
12,2016,donald trump adolf / ransom showing debate / denies texas immigration,2,1,118,206,57.28155339805825,msnbc
12,2016,talk impeachment 1392071235881 / understand maxine / basks glow women,1,2,1,206,0.48543689320388345,msnbc
12,2016,curb gun violence / 2016 candidates reacted / normal part american,3,3,1,206,0.48543689320388345,msnbc
12,2017,donald trump adolf / ransom showing debate / denies texas immigration,2,1,162,361,44.87534626038781,msnbc
12,2017,talk impeachment 1392071235881 / understand maxine / basks glow women,1,2,2,361,0.554016620498615,msnbc
12,2017,curb gun violence / 2016 candidates reacted / normal part american,3,3,2,361,0.554016620498615,msnbc
12,2018,donald trump adolf / ransom showing debate / denies texas immigration,2,1,482,1000,48.199999999999996,msnbc
12,2018,talk impeachment 1392071235881 / understand maxine / basks glow women,1,2,16,1000,1.6,msnbc
12,2018,curb gun violence / 2016 candidates reacted / normal part american,3,3,7,1000,0.7000000000000001,msnbc
12,2019,donald trump adolf / ransom showing debate / denies texas immigration,2,1,295,1000,29.5,msnbc
12,2019,talk impeachment 1392071235881 / understand maxine / basks glow women,1,2,291,1000,29.099999999999998,msnbc
12,2019,curb gun violence / 2016 candidates reacted / normal part american,3,3,28,1000,2.8000000000000003,msnbc
12,2020,donald trump adolf / ransom showing debate / denies texas immigration,2,1,344,832,41.34615384615385,msnbc
12,2020,treatmentforall aids documentary / overlapping health plans / responders bill treasury,0,2,248,832,29.807692307692307,msnbc
12,2020,curb gun violence / 2016 candidates reacted / normal part american,3,3,5,832,0.6009615384615385,msnbc
12,2021,donald trump adolf / ransom showing debate / denies texas immigration,2,1,364,809,44.9938195302843,msnbc
12,2021,treatmentforall aids documentary / overlapping health plans / responders bill treasury,0,2,122,809,15.080346106304079,msnbc
12,2021,curb gun violence / 2016 candidates reacted / normal part american,3,3,29,809,3.584672435105068,msnbc
12,2022,donald trump adolf / ransom showing debate / denies texas immigration,2,1,354,686,51.60349854227405,msnbc
12,2022,treatmentforall aids documentary / overlapping health plans / responders bill treasury,0,2,15,686,2.186588921282799,msnbc
12,2022,curb gun violence / 2016 candidates reacted / normal part american,3,3,9,686,1.3119533527696794,msnbc
12,2023,donald trump adolf / ransom showing debate / denies texas immigration,2,1,405,703,57.61024182076814,msnbc
12,2023,curb gun violence / 2016 candidates reacted / normal part american,3,2,19,703,2.7027027027027026,msnbc
12,2023,treatmentforall aids documentary / overlapping health plans / responders bill treasury,0,3,6,703,0.8534850640113799,msnbc
12,2024,donald trump adolf / ransom showing debate / denies texas immigration,2,1,289,601,48.0865224625624,msnbc
12,2024,curb gun violence / 2016 candidates reacted / normal part american,3,2,17,601,2.828618968386023,msnbc
12,2024,treatmentforall aids documentary / overlapping health plans / responders bill treasury,0,3,11,601,1.8302828618968388,msnbc
